Buchungstag;Valuta;Auftraggeber/Empfänger;Verwendungszweck;Betrag;Währung;Saldo
02.03.2026;02.03.2026;BAREINZAHLUNG FILIALE;Kasse Woche 9;331,00;EUR;48.541,55
02.03.2026;02.03.2026;CUSTOMER 7370;Order #7370 Rechnung;27,00;EUR;48.568,55
02.03.2026;02.03.2026;CUSTOMER 7431;Order #7431 Rechnung;101,95;EUR;48.670,50
02.03.2026;02.03.2026;CUSTOMER 7462;Order #7462 Rechnung;249,00;EUR;48.919,50
02.03.2026;02.03.2026;CUSTOMER 7484;Order #7484 Rechnung;148,50;EUR;49.068,00
02.03.2026;02.03.2026;CUSTOMER 7489;Order #7489 Rechnung;45,00;EUR;49.113,00
02.03.2026;02.03.2026;CUSTOMER 7534;Order #7534 Rechnung;368,00;EUR;49.481,00
02.03.2026;02.03.2026;CUSTOMER 7548;Order #7548 Rechnung;249,00;EUR;49.730,00
02.03.2026;02.03.2026;Mietverwaltung Nord;Miete Lager Maerz;-2.850,00;EUR;46.880,00
03.03.2026;03.03.2026;KLARNA BANK AB;KL202603026706;5.488,90;EUR;52.368,90
04.03.2026;04.03.2026;CUSTOMER 7631;Order #7631 Rechnung;139,00;EUR;52.507,90
04.03.2026;04.03.2026;CUSTOMER 7636;Order #7636 Rechnung;93,50;EUR;52.601,40
04.03.2026;04.03.2026;CUSTOMER 7646;Order #7646 Rechnung;46,95;EUR;52.648,35
04.03.2026;04.03.2026;CUSTOMER 7695;Order #7695 Rechnung;179,00;EUR;52.827,35
04.03.2026;04.03.2026;SHOPIFY PAYMENTS EUROPE LTD;SHOPIFY PAYOUT 20260303;11.560,88;EUR;64.388,23
05.03.2026;05.03.2026;SHOPIFY PAYMENTS EUROPE LTD;SHOPIFY PAYOUT 20260304;4.979,90;EUR;69.368,13
06.03.2026;06.03.2026;CUSTOMER 7828;Order #7828 Rechnung;279,00;EUR;69.647,13
06.03.2026;06.03.2026;CUSTOMER 7840;Order #7840 Rechnung;216,00;EUR;69.863,13
06.03.2026;06.03.2026;CUSTOMER 7861;Order #7861 Rechnung;41,95;EUR;69.905,08
06.03.2026;06.03.2026;SHOPIFY PAYMENTS EUROPE LTD;SHOPIFY PAYOUT 20260305;5.391,71;EUR;75.296,79
09.03.2026;09.03.2026;BAREINZAHLUNG FILIALE;Kasse Woche 10;4.128,00;EUR;79.424,79
09.03.2026;09.03.2026;CUSTOMER 7922;Order #7922 Rechnung;250,20;EUR;79.674,99
09.03.2026;09.03.2026;CUSTOMER 7949;Order #7949 Rechnung;506,00;EUR;80.180,99
09.03.2026;09.03.2026;CUSTOMER 7960;Order #7960 Rechnung;69,00;EUR;80.249,99
09.03.2026;09.03.2026;CUSTOMER 7979;Order #7979 Rechnung;292,00;EUR;80.541,99
09.03.2026;09.03.2026;CUSTOMER 7994;Order #7994 Rechnung;84,00;EUR;80.625,99
09.03.2026;09.03.2026;CUSTOMER 8064;Order #8064 Rechnung;48,95;EUR;80.674,94
09.03.2026;09.03.2026;CUSTOMER 8067;Order #8067 Rechnung;209,10;EUR;80.884,04
09.03.2026;09.03.2026;CUSTOMER 8109;Order #8109 Rechnung;67,95;EUR;80.951,99
09.03.2026;09.03.2026;CUSTOMER 8141;Order #8141 Rechnung;189,00;EUR;81.140,99
09.03.2026;09.03.2026;SHOPIFY PAYMENTS EUROPE LTD;SHOPIFY PAYOUT 20260306;6.688,40;EUR;87.829,39
10.03.2026;10.03.2026;CUSTOMER 8164;Order #8164 Rechnung;491,50;EUR;88.320,89
10.03.2026;10.03.2026;CUSTOMER 8182;Order #8182 Rechnung;189,00;EUR;88.509,89
10.03.2026;10.03.2026;CUSTOMER 8210;Order #8210 Rechnung;182,00;EUR;88.691,89
10.03.2026;10.03.2026;CUSTOMER 8224;Order #8224 Rechnung;52,95;EUR;88.744,84
10.03.2026;10.03.2026;CUSTOMER 8238;Order #8238 Rechnung;38,00;EUR;88.782,84
10.03.2026;10.03.2026;Fjordtex AS;Invoice 55120;-18.420,00;EUR;70.362,84
10.03.2026;10.03.2026;KLARNA BANK AB;KL202603096057;19.496,48;EUR;89.859,32
10.03.2026;10.03.2026;PAYPAL EUROPE S.A.R.L. ET CIE S.C.A;PAYPAL 20260306 WITHDRAWAL;20.158,15;EUR;110.017,47
10.03.2026;10.03.2026;SHOPIFY PAYMENTS EUROPE LTD;SHOPIFY PAYOUT 20260309;6.150,32;EUR;116.167,79
11.03.2026;11.03.2026;CUSTOMER 8246;Order #8246 Rechnung;48,95;EUR;116.216,74
11.03.2026;11.03.2026;CUSTOMER 8273;Order #8273 Rechnung;119,00;EUR;116.335,74
11.03.2026;11.03.2026;SHOPIFY PAYMENTS EUROPE LTD;SHOPIFY PAYOUT 20260310;21.692,00;EUR;138.027,74
12.03.2026;12.03.2026;CUSTOMER 8354;Order #8354 Rechnung;252,00;EUR;138.279,74
12.03.2026;12.03.2026;SHOPIFY PAYMENTS EUROPE LTD;SHOPIFY PAYOUT 20260311;5.865,44;EUR;144.145,18
13.03.2026;13.03.2026;CUSTOMER 8421;Order #8421 Rechnung;300,00;EUR;144.445,18
13.03.2026;13.03.2026;CUSTOMER 8424;Order #8424 Rechnung;61,95;EUR;144.507,13
13.03.2026;13.03.2026;CUSTOMER 8448;Order #8448 Rechnung;45,00;EUR;144.552,13
13.03.2026;13.03.2026;CUSTOMER 8451;Order #8451 Rechnung;485,00;EUR;145.037,13
13.03.2026;13.03.2026;CUSTOMER 8454;Order #8454 Rechnung;245,00;EUR;145.282,13
13.03.2026;13.03.2026;SHOPIFY PAYMENTS EUROPE LTD;SHOPIFY PAYOUT 20260312;8.839,25;EUR;154.121,38
16.03.2026;16.03.2026;BAREINZAHLUNG FILIALE;Kasse Woche 11;1.708,00;EUR;155.829,38
16.03.2026;16.03.2026;CUSTOMER 8511;Order #8511 Rechnung;158,00;EUR;155.987,38
16.03.2026;16.03.2026;CUSTOMER 8522;Order #8522 Rechnung;604,00;EUR;156.591,38
16.03.2026;16.03.2026;CUSTOMER 8579;Order #8579 Rechnung;310,95;EUR;156.902,33
16.03.2026;16.03.2026;CUSTOMER 8595;Order #8595 Rechnung;68,95;EUR;156.971,28
16.03.2026;16.03.2026;CUSTOMER 8657;Order #8657 Rechnung;567,00;EUR;157.538,28
16.03.2026;16.03.2026;CUSTOMER 8664;Order #8664 Rechnung;303,95;EUR;157.842,23
16.03.2026;16.03.2026;CUSTOMER 8665;Order #8665 Rechnung;80,10;EUR;157.922,33
16.03.2026;16.03.2026;CUSTOMER 8670;Order #8670 Rechnung;73,95;EUR;157.996,28
16.03.2026;16.03.2026;CUSTOMER 8706;Order #8706 Rechnung;325,00;EUR;158.321,28
16.03.2026;16.03.2026;CUSTOMER 8719;Order #8719 Rechnung;320,00;EUR;158.641,28
16.03.2026;16.03.2026;CUSTOMER 8722;Order #8722 Rechnung;19,00;EUR;158.660,28
16.03.2026;16.03.2026;CUSTOMER 8737;Order #8737 Rechnung;152,00;EUR;158.812,28
16.03.2026;16.03.2026;CUSTOMER 8746;Order #8746 Rechnung;76,15;EUR;158.888,43
16.03.2026;16.03.2026;CUSTOMER 8771;Order #8771 Rechnung;62,95;EUR;158.951,38
16.03.2026;16.03.2026;CUSTOMER 8816;Order #8816 Rechnung;294,00;EUR;159.245,38
16.03.2026;16.03.2026;CUSTOMER 8837;Order #8837 Rechnung;49,95;EUR;159.295,33
16.03.2026;16.03.2026;NORDLICHT OUTDOOR GMBH (TAGESGELD);Umbuchung vom Tagesgeldkonto;10.000,00;EUR;169.295,33
16.03.2026;16.03.2026;SHOPIFY PAYMENTS EUROPE LTD;SHOPIFY PAYOUT 20260313;6.066,74;EUR;175.362,07
17.03.2026;17.03.2026;KLARNA BANK AB;KL202603169907;22.551,25;EUR;197.913,32
17.03.2026;17.03.2026;PAYPAL EUROPE S.A.R.L. ET CIE S.C.A;PAYPAL 20260313 WITHDRAWAL;26.502,16;EUR;224.415,48
17.03.2026;17.03.2026;SHOPIFY PAYMENTS EUROPE LTD;SHOPIFY PAYOUT 20260316;6.404,12;EUR;230.819,60
18.03.2026;18.03.2026;CUSTOMER 9000;Order #9000 Rechnung;99,00;EUR;230.918,60
18.03.2026;18.03.2026;CUSTOMER 9009;Order #9009 Rechnung;114,00;EUR;231.032,60
18.03.2026;18.03.2026;CUSTOMER 9020;Order #9020 Rechnung;329,00;EUR;231.361,60
18.03.2026;18.03.2026;CUSTOMER 9044;Order #9044 Rechnung;134,00;EUR;231.495,60
18.03.2026;18.03.2026;CUSTOMER 9047;Order #9047 Rechnung;651,00;EUR;232.146,60
18.03.2026;18.03.2026;CUSTOMER 9049;Order #9049 Rechnung;20,15;EUR;232.166,75
18.03.2026;18.03.2026;CUSTOMER 9070;Order #9070 Rechnung;162,00;EUR;232.328,75
18.03.2026;18.03.2026;SHOPIFY PAYMENTS EUROPE LTD;SHOPIFY PAYOUT 20260317;29.135,67;EUR;261.464,42
19.03.2026;19.03.2026;AMAZON PAYMENTS EUROPE S.C.A.;AMAZON 24518730961;7.883,80;EUR;269.348,22
19.03.2026;19.03.2026;CUSTOMER 9113;Order #9113 Rechnung;130,00;EUR;269.478,22
20.03.2026;20.03.2026;CUSTOMER 9176;Order #9176 Rechnung;42,95;EUR;269.521,17
20.03.2026;20.03.2026;CUSTOMER 9185;Order #9185 Rechnung;23,95;EUR;269.545,12
20.03.2026;20.03.2026;CUSTOMER 9188;Order #9188 Rechnung;46,95;EUR;269.592,07
20.03.2026;20.03.2026;CUSTOMER 9214;Order #9214 Rechnung;31,95;EUR;269.624,02
20.03.2026;20.03.2026;K. LINDQVIST;Gesellschafterdarlehen Maerz;5.000,00;EUR;274.624,02
20.03.2026;20.03.2026;SHOPIFY PAYMENTS EUROPE LTD;SHOPIFY PAYOUT 20260319;6.841,85;EUR;281.465,87
23.03.2026;23.03.2026;BAREINZAHLUNG FILIALE;Kasse Woche 12;4.962,00;EUR;286.427,87
23.03.2026;23.03.2026;CUSTOMER 9298;Order #9298 Rechnung;76,00;EUR;286.503,87
23.03.2026;23.03.2026;CUSTOMER 9317;Order #9317 Rechnung;38,95;EUR;286.542,82
23.03.2026;23.03.2026;CUSTOMER 9326;Order #9326 Rechnung;28,95;EUR;286.571,77
23.03.2026;23.03.2026;CUSTOMER 9361;Order #9361 Rechnung;80,10;EUR;286.651,87
23.03.2026;23.03.2026;CUSTOMER 9374;Order #9374 Rechnung;189,00;EUR;286.840,87
23.03.2026;23.03.2026;CUSTOMER 9396;Order #9396 Rechnung;234,95;EUR;287.075,82
23.03.2026;23.03.2026;CUSTOMER 9410;Order #9410 Rechnung;151,20;EUR;287.227,02
23.03.2026;23.03.2026;CUSTOMER 9417;Order #9417 Rechnung;128,00;EUR;287.355,02
23.03.2026;23.03.2026;CUSTOMER 9574;Order #9574 Rechnung;29,95;EUR;287.384,97
23.03.2026;23.03.2026;SHOPIFY PAYMENTS EUROPE LTD;SHOPIFY PAYOUT 20260320;7.557,81;EUR;294.942,78
24.03.2026;24.03.2026;CUSTOMER 9622;Order #9622 Rechnung;101,95;EUR;295.044,73
24.03.2026;24.03.2026;CUSTOMER 9628;Order #9628 Rechnung;201,00;EUR;295.245,73
24.03.2026;24.03.2026;CUSTOMER 9630;Order #9630 Rechnung;69,00;EUR;295.314,73
24.03.2026;24.03.2026;CUSTOMER 9662;Order #9662 Rechnung;145,50;EUR;295.460,23
24.03.2026;24.03.2026;CUSTOMER 9672;Order #9672 Rechnung;88,00;EUR;295.548,23
24.03.2026;24.03.2026;CUSTOMER 9675;Order #9675 Rechnung;33,45;EUR;295.581,68
24.03.2026;24.03.2026;CUSTOMER 9691;Order #9691 Rechnung;58,95;EUR;295.640,63
24.03.2026;24.03.2026;KLARNA BANK AB;KL202603234928;25.234,01;EUR;320.874,64
24.03.2026;24.03.2026;PAYPAL EUROPE S.A.R.L. ET CIE S.C.A;PAYPAL 20260320 WITHDRAWAL;32.281,84;EUR;353.156,48
24.03.2026;24.03.2026;SHOPIFY PAYMENTS EUROPE LTD;SHOPIFY PAYOUT 20260323;10.122,30;EUR;363.278,78
25.03.2026;25.03.2026;CUSTOMER 9727;Order #9727 Rechnung;861,00;EUR;364.139,78
25.03.2026;25.03.2026;CUSTOMER 9743;Order #9743 Rechnung;436,00;EUR;364.575,78
25.03.2026;25.03.2026;DHL Paket GmbH;Versand Februar;-4.217,35;EUR;360.358,43
25.03.2026;25.03.2026;SHOPIFY PAYMENTS EUROPE LTD;SHOPIFY PAYOUT 20260324;25.980,14;EUR;386.338,57
26.03.2026;26.03.2026;CUSTOMER 9842;Order #9842 Rechnung;81,00;EUR;386.419,57
26.03.2026;26.03.2026;CUSTOMER 9861;Order #9861 Rechnung;137,00;EUR;386.556,57
26.03.2026;26.03.2026;SEPA GUTSCHRIFT;;310,00;EUR;386.866,57
26.03.2026;26.03.2026;SHOPIFY PAYMENTS EUROPE LTD;SHOPIFY PAYOUT 20260325;7.266,18;EUR;394.132,75
27.03.2026;27.03.2026;CUSTOMER 9904;Order #9904 Rechnung;327,00;EUR;394.459,75
27.03.2026;27.03.2026;CUSTOMER 9954;Order #9954 Rechnung;34,00;EUR;394.493,75
27.03.2026;27.03.2026;CUSTOMER 9959;Order #9959 Rechnung;138,00;EUR;394.631,75
27.03.2026;27.03.2026;CUSTOMER 9961;Order #9961 Rechnung;365,75;EUR;394.997,50
27.03.2026;27.03.2026;CUSTOMER 9980;Order #9980 Rechnung;71,50;EUR;395.069,00
27.03.2026;27.03.2026;SHOPIFY PAYMENTS EUROPE LTD;SHOPIFY PAYOUT 20260326;4.362,48;EUR;399.431,48
30.03.2026;30.03.2026;BAREINZAHLUNG FILIALE;Kasse Woche 13;4.216,00;EUR;403.647,48
30.03.2026;30.03.2026;CUSTOMER 10003;Order #10003 Rechnung;89,00;EUR;403.736,48
30.03.2026;30.03.2026;CUSTOMER 10022;Order #10022 Rechnung;69,00;EUR;403.805,48
30.03.2026;30.03.2026;CUSTOMER 10040;Order #10040 Rechnung;50,95;EUR;403.856,43
30.03.2026;30.03.2026;CUSTOMER 10055;Order #10055 Rechnung;103,00;EUR;403.959,43
30.03.2026;30.03.2026;CUSTOMER 10095;Order #10095 Rechnung;513,00;EUR;404.472,43
30.03.2026;30.03.2026;CUSTOMER 10127;Order #10127 Rechnung;278,00;EUR;404.750,43
30.03.2026;30.03.2026;CUSTOMER 10148;Order #10148 Rechnung;119,95;EUR;404.870,38
30.03.2026;30.03.2026;CUSTOMER 10155;Order #10155 Rechnung;122,00;EUR;404.992,38
30.03.2026;30.03.2026;CUSTOMER 10158;Order #10158 Rechnung;89,00;EUR;405.081,38
30.03.2026;30.03.2026;CUSTOMER 10180;Order #10180 Rechnung;69,95;EUR;405.151,33
30.03.2026;30.03.2026;CUSTOMER 10191;Order #10191 Rechnung;99,00;EUR;405.250,33
30.03.2026;30.03.2026;CUSTOMER 10217;Order #10217 Rechnung;329,00;EUR;405.579,33
30.03.2026;30.03.2026;CUSTOMER 10246;Order #10246 Rechnung;436,00;EUR;406.015,33
30.03.2026;30.03.2026;NORDLICHT OUTDOOR GMBH (USD ACCOUNT);Umtausch USD 20.000,00 Kurs 0,9066;18.132,00;EUR;424.147,33
30.03.2026;30.03.2026;SHOPIFY PAYMENTS EUROPE LTD;SHOPIFY PAYOUT 20260327;10.198,12;EUR;434.345,45
31.03.2026;31.03.2026;KLARNA BANK AB;KL202603301893;16.581,13;EUR;450.926,58
31.03.2026;31.03.2026;PAYPAL EUROPE S.A.R.L. ET CIE S.C.A;PAYPAL 20260327 WITHDRAWAL;21.662,01;EUR;472.588,59
31.03.2026;31.03.2026;SHOPIFY PAYMENTS EUROPE LTD;SHOPIFY PAYOUT 20260330;5.685,41;EUR;478.274,00
