balance_transaction_id,created,available_on,currency,gross,fee,net,reporting_category,description,source_id,automatic_payout_id,automatic_payout_effective_at
txn_926e9fcf1a001585954f323d,2026-03-03 15:45:00,2026-03-05 00:00:00,usd,6480.00,188.22,6291.78,charge,Invoice NO-US-2026-001,ch_0c1b28b2254d03e6b6dc89c6,,
txn_33324383387601c089feb22b,2026-03-09 15:32:00,2026-03-11 00:00:00,usd,8215.50,238.55,7976.95,charge,Invoice NO-US-2026-002,ch_8b2da76a52be4d85cd570eee,,
txn_9aa4beb83c8b149905469bc0,2026-03-12 15:41:00,2026-03-14 00:00:00,usd,4960.00,144.14,4815.86,charge,Invoice NO-US-2026-003,ch_cebd4ebd38a91daf5665151d,,
txn_a85e71d85ce4806bd5bbaacf,2026-03-13 04:00:00,2026-03-13 00:00:00,usd,-14268.73,0.00,-14268.73,payout,STRIPE PAYOUT,po_b7f24b08a31594be9ef9e2d0,po_b7f24b08a31594be9ef9e2d0,2026-03-16 00:00:00
txn_6112448a29d4ecfda316c4ec,2026-03-18 15:46:00,2026-03-20 00:00:00,usd,9120.00,264.78,8855.22,charge,Invoice NO-US-2026-004,ch_a63223b593423354b599d837,,
txn_828aeb348aaddffc23eaaa7a,2026-03-23 15:46:00,2026-03-23 00:00:00,usd,-600.00,0.00,-600.00,refund,Refund NO-US-2026-004: damaged cartons,re_4fb18b44137f4dfbc14ba9a2,,
txn_4abc64a6b035dd80adff43e7,2026-03-24 15:04:00,2026-03-26 00:00:00,usd,5575.25,161.98,5413.27,charge,Invoice NO-US-2026-005,ch_f6c34ff9374cbc4ff2883594,,
txn_d555ee5be70fad3cff219a4b,2026-03-27 04:00:00,2026-03-27 00:00:00,usd,-18484.35,0.00,-18484.35,payout,STRIPE PAYOUT,po_ec1628f7d8df5d22b5825498,po_ec1628f7d8df5d22b5825498,2026-03-30 00:00:00
txn_1acffa98890e84756e08996d,2026-03-27 15:44:00,2026-03-29 00:00:00,usd,7340.00,213.16,7126.84,charge,Invoice NO-US-2026-006,ch_dcbf5959d2edaf79313dfb34,,
