order_id,created_at,status,currency,total
SO-10947,2026-08-01 09:03,paid,EUR,326.41
SO-10377,2026-08-01 10:13,paid,EUR,391.34
SO-10401,2026-08-01 10:22,paid,EUR,375.96
SO-10882,2026-08-01 10:33,paid,EUR,271.53
SO-10511,2026-08-01 12:30,refunded,EUR,217.74
SO-10188,2026-08-01 13:18,paid,EUR,219.29
SO-10126,2026-08-01 13:33,refunded,EUR,478.16
SO-10183,2026-08-01 13:33,paid,EUR,469.96
SO-11010,2026-08-01 15:32,cancelled,EUR,253.47
SO-10692,2026-08-01 15:57,refunded,EUR,320.26
SO-10874,2026-08-01 16:04,paid,EUR,139.22
SO-10629,2026-08-01 16:28,paid,EUR,428.50
SO-10755,2026-08-01 16:43,paid,EUR,65.58
SO-10458,2026-08-01 17:48,paid,EUR,81.89
SO-10554,2026-08-01 17:57,paid,EUR,404.77
SO-11086,2026-08-01 17:58,refunded,EUR,266.70
SO-10787,2026-08-01 18:32,paid,EUR,201.79
SO-10999,2026-08-01 19:03,paid,EUR,133.70
SO-10101,2026-08-01 19:24,paid,EUR,325.45
SO-10427,2026-08-01 19:24,paid,EUR,252.46
SO-10721,2026-08-01 19:49,paid,EUR,399.36
SO-10051,2026-08-01 20:33,paid,EUR,349.37
SO-10896,2026-08-01 21:00,cancelled,EUR,149.44
SO-11194,2026-08-01 21:14,paid,EUR,127.44
SO-10349,2026-08-01 21:27,paid,EUR,415.24
SO-10208,2026-08-01 21:50,cancelled,EUR,464.23
SO-10536,2026-08-01 22:40,cancelled,EUR,232.10
SO-10579,2026-08-01 23:49,paid,EUR,321.88
SO-10465,2026-08-02 00:42,paid,EUR,97.78
SO-10627,2026-08-02 00:53,paid,EUR,22.22
SO-10453,2026-08-02 00:54,paid,EUR,466.73
SO-10959,2026-08-02 01:29,cancelled,EUR,277.96
SO-11151,2026-08-02 02:05,cancelled,EUR,262.04
SO-10650,2026-08-02 02:28,paid,EUR,362.22
SO-10939,2026-08-02 04:15,paid,EUR,380.13
SO-10067,2026-08-02 06:01,paid,EUR,333.23
SO-11055,2026-08-02 06:19,paid,EUR,163.70
SO-10141,2026-08-02 06:22,paid,EUR,17.10
SO-10926,2026-08-02 06:40,paid,EUR,458.85
SO-10984,2026-08-02 07:19,cancelled,EUR,191.33
SO-10087,2026-08-02 07:47,paid,EUR,117.78
SO-10754,2026-08-02 08:06,paid,EUR,175.02
SO-10296,2026-08-02 09:08,paid,EUR,80.68
SO-10476,2026-08-02 09:24,cancelled,EUR,169.91
SO-11130,2026-08-02 09:35,paid,EUR,273.65
SO-11157,2026-08-02 10:23,paid,EUR,419.91
SO-10828,2026-08-02 11:29,paid,EUR,412.61
SO-10383,2026-08-02 11:53,paid,EUR,161.08
SO-10906,2026-08-02 12:25,cancelled,EUR,397.38
SO-11176,2026-08-02 12:53,paid,EUR,303.14
SO-10528,2026-08-02 13:04,cancelled,EUR,90.34
SO-10821,2026-08-02 13:05,paid,EUR,342.16
SO-11076,2026-08-02 13:21,paid,EUR,280.01
SO-10199,2026-08-02 13:52,paid,EUR,386.35
SO-10154,2026-08-02 14:14,paid,EUR,223.07
SO-10266,2026-08-02 14:36,paid,EUR,430.51
SO-10416,2026-08-02 15:05,paid,EUR,377.10
SO-10237,2026-08-02 17:07,refunded,EUR,436.95
SO-11021,2026-08-02 18:48,refunded,EUR,77.97
SO-10779,2026-08-02 20:12,paid,EUR,145.58
SO-10036,2026-08-02 20:59,paid,EUR,342.67
SO-10796,2026-08-02 22:42,paid,EUR,151.80
SO-10654,2026-08-02 22:53,paid,EUR,442.45
SO-11150,2026-08-03 00:15,paid,EUR,193.07
SO-10370,2026-08-03 00:17,paid,EUR,71.27
SO-10282,2026-08-03 01:10,refunded,EUR,293.32
SO-10938,2026-08-03 01:32,cancelled,EUR,213.10
SO-11102,2026-08-03 02:35,paid,EUR,303.15
SO-10567,2026-08-03 04:04,paid,EUR,361.47
SO-10659,2026-08-03 04:21,paid,EUR,276.69
SO-10884,2026-08-03 05:25,paid,EUR,207.26
SO-10032,2026-08-03 05:55,cancelled,EUR,374.46
SO-10026,2026-08-03 06:43,paid,EUR,346.79
SO-10073,2026-08-03 07:36,paid,EUR,393.22
SO-10739,2026-08-03 09:29,paid,EUR,383.71
SO-10735,2026-08-03 09:51,paid,EUR,51.44
SO-10482,2026-08-03 12:37,cancelled,EUR,361.24
SO-10484,2026-08-03 14:01,paid,EUR,342.99
SO-10949,2026-08-03 14:06,paid,EUR,462.44
SO-10677,2026-08-03 14:27,cancelled,EUR,104.60
SO-10197,2026-08-03 14:34,paid,EUR,353.52
SO-10161,2026-08-03 17:35,refunded,EUR,213.63
SO-10406,2026-08-03 17:38,refunded,EUR,424.05
SO-11002,2026-08-03 18:11,paid,EUR,199.99
SO-10443,2026-08-03 18:13,paid,EUR,154.09
SO-10174,2026-08-03 18:29,refunded,EUR,340.07
SO-11090,2026-08-03 20:15,refunded,EUR,191.89
SO-10817,2026-08-03 20:37,refunded,EUR,186.53
SO-11019,2026-08-03 20:44,paid,EUR,63.94
SO-10589,2026-08-03 21:20,paid,EUR,288.44
SO-10094,2026-08-03 21:44,paid,EUR,390.30
SO-10361,2026-08-03 21:54,paid,EUR,456.54
SO-10339,2026-08-03 22:09,paid,EUR,162.90
SO-10078,2026-08-03 22:11,paid,EUR,351.78
SO-10623,2026-08-03 22:37,paid,EUR,58.73
SO-10886,2026-08-03 22:39,paid,EUR,427.04
SO-10013,2026-08-03 23:56,cancelled,EUR,80.61
SO-11001,2026-08-04 02:34,paid,EUR,170.87
SO-10238,2026-08-04 03:25,paid,EUR,373.50
SO-10200,2026-08-04 03:53,cancelled,EUR,341.96
SO-10279,2026-08-04 04:09,cancelled,EUR,353.50
SO-10697,2026-08-04 04:41,paid,EUR,202.10
SO-10233,2026-08-04 04:54,cancelled,EUR,221.34
SO-10702,2026-08-04 05:46,paid,EUR,287.97
SO-11062,2026-08-04 05:56,refunded,EUR,177.48
SO-10100,2026-08-04 06:17,cancelled,EUR,50.39
SO-10299,2026-08-04 06:34,refunded,EUR,427.39
SO-10315,2026-08-04 06:38,paid,EUR,195.21
SO-10473,2026-08-04 06:51,paid,EUR,265.71
SO-10364,2026-08-04 07:04,cancelled,EUR,204.42
SO-10250,2026-08-04 07:21,cancelled,EUR,114.73
SO-10213,2026-08-04 07:33,paid,EUR,395.40
SO-10665,2026-08-04 07:44,cancelled,EUR,208.25
SO-10186,2026-08-04 09:58,cancelled,EUR,293.85
SO-10019,2026-08-04 10:15,cancelled,EUR,360.47
SO-10867,2026-08-04 12:04,cancelled,EUR,193.14
SO-10033,2026-08-04 12:33,paid,EUR,333.84
SO-11192,2026-08-04 12:42,paid,EUR,102.72
SO-10904,2026-08-04 14:22,paid,EUR,450.73
SO-10128,2026-08-04 15:08,paid,EUR,91.62
SO-11035,2026-08-04 15:21,cancelled,EUR,156.02
SO-11017,2026-08-04 15:43,paid,EUR,255.45
SO-10752,2026-08-04 15:52,paid,EUR,400.32
SO-11053,2026-08-04 17:05,paid,EUR,296.75
SO-10720,2026-08-04 17:11,paid,EUR,307.35
SO-11106,2026-08-04 17:27,paid,EUR,441.89
SO-10182,2026-08-04 17:41,paid,EUR,182.83
SO-10098,2026-08-04 17:42,paid,EUR,75.43
SO-10548,2026-08-04 18:11,paid,EUR,188.34
SO-10027,2026-08-04 18:14,paid,EUR,67.80
SO-11072,2026-08-04 18:16,paid,EUR,22.50
SO-10423,2026-08-04 18:22,paid,EUR,121.85
SO-10980,2026-08-04 18:55,paid,EUR,419.40
SO-11047,2026-08-04 19:00,paid,EUR,19.40
SO-10609,2026-08-04 19:38,paid,EUR,203.08
SO-10255,2026-08-04 20:07,paid,EUR,182.59
SO-10829,2026-08-04 22:01,refunded,EUR,221.52
SO-10343,2026-08-04 22:56,refunded,EUR,369.80
SO-10852,2026-08-04 23:17,cancelled,EUR,440.28
SO-10397,2026-08-04 23:41,paid,EUR,296.16
SO-10059,2026-08-04 23:47,cancelled,EUR,272.15
SO-11198,2026-08-05 01:30,cancelled,EUR,137.18
SO-10111,2026-08-05 01:33,paid,EUR,464.46
SO-10253,2026-08-05 02:10,paid,EUR,236.25
SO-10142,2026-08-05 04:34,paid,EUR,24.91
SO-10715,2026-08-05 04:54,cancelled,EUR,161.78
SO-10537,2026-08-05 05:30,paid,EUR,204.72
SO-10491,2026-08-05 06:04,paid,EUR,75.82
SO-10248,2026-08-05 06:50,cancelled,EUR,265.75
SO-10698,2026-08-05 08:15,paid,EUR,459.44
SO-10145,2026-08-05 08:20,paid,EUR,392.21
SO-10816,2026-08-05 08:45,refunded,EUR,64.47
SO-10285,2026-08-05 10:59,paid,EUR,331.04
SO-10459,2026-08-05 11:22,paid,EUR,410.84
SO-10742,2026-08-05 12:34,paid,EUR,80.19
SO-10105,2026-08-05 13:49,paid,EUR,252.91
SO-10125,2026-08-05 13:49,refunded,EUR,75.00
SO-10834,2026-08-05 13:50,paid,EUR,216.95
SO-10892,2026-08-05 14:01,paid,EUR,142.74
SO-11164,2026-08-05 15:00,paid,EUR,126.47
SO-10917,2026-08-05 15:12,paid,EUR,223.39
SO-10184,2026-08-05 15:50,paid,EUR,282.03
SO-11098,2026-08-05 16:06,paid,EUR,123.95
SO-10731,2026-08-05 16:50,paid,EUR,229.09
SO-10558,2026-08-05 17:18,paid,EUR,166.72
SO-10222,2026-08-05 18:07,cancelled,EUR,333.98
SO-10782,2026-08-05 21:01,paid,EUR,207.78
SO-10099,2026-08-05 22:11,cancelled,EUR,279.25
SO-10556,2026-08-05 22:23,refunded,EUR,255.75
SO-11156,2026-08-05 22:38,paid,EUR,130.96
SO-10133,2026-08-05 22:50,paid,EUR,364.93
SO-11129,2026-08-05 23:33,paid,EUR,173.18
SO-10674,2026-08-06 00:26,paid,EUR,108.51
SO-11123,2026-08-06 00:33,paid,EUR,113.87
SO-11014,2026-08-06 00:52,cancelled,EUR,76.82
SO-10593,2026-08-06 05:34,paid,EUR,273.44
SO-11048,2026-08-06 05:54,paid,EUR,124.94
SO-11060,2026-08-06 06:37,cancelled,EUR,166.72
SO-10193,2026-08-06 06:45,paid,EUR,345.60
SO-10264,2026-08-06 06:55,paid,EUR,407.54
SO-10993,2026-08-06 07:05,cancelled,EUR,295.61
SO-10011,2026-08-06 08:24,paid,EUR,249.62
SO-10284,2026-08-06 08:54,paid,EUR,414.60
SO-10469,2026-08-06 09:17,paid,EUR,183.16
SO-10578,2026-08-06 09:37,paid,EUR,376.47
SO-10962,2026-08-06 10:52,paid,EUR,197.21
SO-10263,2026-08-06 11:10,paid,EUR,426.53
SO-10927,2026-08-06 11:45,paid,EUR,284.00
SO-10394,2026-08-06 11:56,paid,EUR,110.45
SO-10417,2026-08-06 12:29,cancelled,EUR,136.01
SO-11191,2026-08-06 13:42,paid,EUR,189.70
SO-10124,2026-08-06 13:44,paid,EUR,36.93
SO-10982,2026-08-06 14:00,paid,EUR,341.89
SO-10741,2026-08-06 14:14,paid,EUR,189.18
SO-11059,2026-08-06 14:44,refunded,EUR,81.32
SO-10839,2026-08-06 14:48,paid,EUR,71.81
SO-10044,2026-08-06 14:59,cancelled,EUR,112.17
SO-10880,2026-08-06 15:14,paid,EUR,381.94
SO-10776,2026-08-06 17:19,paid,EUR,314.90
SO-10753,2026-08-06 18:42,paid,EUR,159.26
SO-10538,2026-08-06 20:27,refunded,EUR,157.60
SO-11180,2026-08-06 20:30,paid,EUR,437.61
SO-10705,2026-08-06 20:57,paid,EUR,265.29
SO-10350,2026-08-06 21:32,cancelled,EUR,203.42
SO-10586,2026-08-06 21:47,paid,EUR,46.42
SO-10727,2026-08-07 00:55,paid,EUR,37.48
SO-10381,2026-08-07 01:07,paid,EUR,146.22
SO-10227,2026-08-07 02:09,paid,EUR,196.18
SO-10292,2026-08-07 02:26,paid,EUR,230.23
SO-10812,2026-08-07 02:30,paid,EUR,208.41
SO-10209,2026-08-07 02:59,paid,EUR,209.52
SO-10643,2026-08-07 04:06,paid,EUR,167.20
SO-10605,2026-08-07 04:16,paid,EUR,418.78
SO-11113,2026-08-07 04:24,refunded,EUR,187.16
SO-10587,2026-08-07 04:46,paid,EUR,182.68
SO-10257,2026-08-07 05:14,paid,EUR,61.34
SO-10293,2026-08-07 05:53,paid,EUR,71.35
SO-10089,2026-08-07 06:00,paid,EUR,106.33
SO-10916,2026-08-07 07:16,paid,EUR,201.39
SO-10169,2026-08-07 08:21,refunded,EUR,380.51
SO-10831,2026-08-07 08:31,paid,EUR,169.95
SO-11132,2026-08-07 08:49,paid,EUR,349.47
SO-10353,2026-08-07 09:36,paid,EUR,374.58
SO-11111,2026-08-07 09:51,paid,EUR,183.10
SO-10052,2026-08-07 12:31,paid,EUR,155.44
SO-11131,2026-08-07 13:38,paid,EUR,314.38
SO-10123,2026-08-07 14:15,refunded,EUR,311.03
SO-10770,2026-08-07 15:05,refunded,EUR,134.24
SO-11189,2026-08-07 16:20,paid,EUR,147.71
SO-10221,2026-08-07 16:31,paid,EUR,234.12
SO-10272,2026-08-07 16:55,paid,EUR,92.16
SO-10820,2026-08-07 18:50,paid,EUR,78.26
SO-10501,2026-08-07 18:51,paid,EUR,155.16
SO-10035,2026-08-07 18:58,cancelled,EUR,331.54
SO-10899,2026-08-07 19:11,cancelled,EUR,119.21
SO-10375,2026-08-07 19:19,paid,EUR,102.88
SO-10056,2026-08-07 19:51,paid,EUR,251.01
SO-10611,2026-08-07 19:52,paid,EUR,296.85
SO-11026,2026-08-07 20:12,paid,EUR,91.09
SO-10076,2026-08-07 20:23,refunded,EUR,271.25
SO-10598,2026-08-07 21:06,paid,EUR,49.88
SO-10877,2026-08-07 21:34,paid,EUR,42.24
SO-10241,2026-08-07 22:55,paid,EUR,35.55
SO-11008,2026-08-07 23:27,refunded,EUR,62.60
SO-10958,2026-08-08 01:43,refunded,EUR,323.84
SO-10157,2026-08-08 01:52,paid,EUR,254.90
SO-10436,2026-08-08 02:14,paid,EUR,264.52
SO-10294,2026-08-08 02:27,paid,EUR,415.59
SO-11144,2026-08-08 03:44,paid,EUR,189.94
SO-10151,2026-08-08 06:11,paid,EUR,87.01
SO-10920,2026-08-08 06:22,paid,EUR,409.66
SO-10688,2026-08-08 08:01,cancelled,EUR,284.58
SO-10907,2026-08-08 08:20,paid,EUR,165.42
SO-10550,2026-08-08 09:37,paid,EUR,121.21
SO-10646,2026-08-08 10:15,refunded,EUR,42.49
SO-10614,2026-08-08 10:52,paid,EUR,328.66
SO-10430,2026-08-08 10:58,paid,EUR,69.71
SO-10426,2026-08-08 11:30,refunded,EUR,23.47
SO-10557,2026-08-08 12:40,cancelled,EUR,171.37
SO-10837,2026-08-08 12:54,refunded,EUR,342.49
SO-10552,2026-08-08 13:41,paid,EUR,21.67
SO-10747,2026-08-08 14:14,paid,EUR,345.25
SO-10435,2026-08-08 14:22,paid,EUR,300.97
SO-10726,2026-08-08 14:26,refunded,EUR,169.13
SO-10425,2026-08-08 15:00,paid,EUR,421.90
SO-10641,2026-08-08 16:40,paid,EUR,450.80
SO-10932,2026-08-08 17:05,paid,EUR,92.70
SO-10367,2026-08-08 17:11,refunded,EUR,142.37
SO-10172,2026-08-08 17:33,paid,EUR,311.13
SO-11049,2026-08-08 17:38,cancelled,EUR,168.06
SO-10775,2026-08-08 17:53,paid,EUR,373.59
SO-10513,2026-08-08 18:17,paid,EUR,260.30
SO-11003,2026-08-08 18:23,paid,EUR,310.93
SO-11054,2026-08-08 18:28,refunded,EUR,317.75
SO-11029,2026-08-08 18:46,cancelled,EUR,37.57
SO-10225,2026-08-08 19:15,paid,EUR,359.31
SO-10718,2026-08-08 19:50,paid,EUR,167.61
SO-10683,2026-08-08 20:04,paid,EUR,459.40
SO-10575,2026-08-08 20:19,refunded,EUR,69.39
SO-10230,2026-08-08 21:00,cancelled,EUR,322.14
SO-10275,2026-08-08 21:55,paid,EUR,328.39
SO-10448,2026-08-08 21:56,paid,EUR,252.90
SO-10634,2026-08-09 00:31,paid,EUR,277.73
SO-10699,2026-08-09 00:40,paid,EUR,164.41
SO-10304,2026-08-09 01:15,paid,EUR,140.56
SO-10412,2026-08-09 01:46,cancelled,EUR,82.56
SO-10043,2026-08-09 02:55,paid,EUR,56.17
SO-10963,2026-08-09 03:09,paid,EUR,381.22
SO-10940,2026-08-09 03:47,paid,EUR,356.56
SO-10046,2026-08-09 05:49,paid,EUR,464.01
SO-10107,2026-08-09 06:31,cancelled,EUR,193.18
SO-10358,2026-08-09 06:42,paid,EUR,471.50
SO-10824,2026-08-09 07:33,paid,EUR,366.74
SO-10638,2026-08-09 08:35,refunded,EUR,282.69
SO-10523,2026-08-09 08:45,paid,EUR,59.92
SO-10657,2026-08-09 09:33,refunded,EUR,14.31
SO-10952,2026-08-09 10:22,refunded,EUR,203.20
SO-10602,2026-08-09 10:56,paid,EUR,63.66
SO-11039,2026-08-09 11:15,paid,EUR,123.90
SO-11172,2026-08-09 11:17,paid,EUR,120.92
SO-11033,2026-08-09 12:00,paid,EUR,169.95
SO-10030,2026-08-09 14:01,paid,EUR,366.00
SO-11006,2026-08-09 15:18,paid,EUR,58.33
SO-10179,2026-08-09 16:22,paid,EUR,324.85
SO-10948,2026-08-09 17:12,paid,EUR,37.56
SO-10316,2026-08-09 17:15,paid,EUR,447.05
SO-10925,2026-08-09 17:21,paid,EUR,352.88
SO-10713,2026-08-09 19:15,paid,EUR,374.61
SO-10595,2026-08-09 19:23,refunded,EUR,176.65
SO-10420,2026-08-09 21:05,paid,EUR,108.83
SO-10344,2026-08-09 21:21,paid,EUR,474.97
SO-10744,2026-08-09 21:32,paid,EUR,107.26
SO-10986,2026-08-09 22:11,paid,EUR,146.46
SO-10582,2026-08-09 22:34,refunded,EUR,78.42
SO-10393,2026-08-09 22:35,paid,EUR,419.36
SO-10008,2026-08-10 00:52,paid,EUR,310.07
SO-10318,2026-08-10 01:00,paid,EUR,234.46
SO-10162,2026-08-10 01:03,paid,EUR,56.56
SO-10955,2026-08-10 01:40,paid,EUR,185.17
SO-10256,2026-08-10 01:55,cancelled,EUR,322.73
SO-10784,2026-08-10 01:58,paid,EUR,205.09
SO-10668,2026-08-10 02:36,paid,EUR,299.31
SO-10983,2026-08-10 03:23,paid,EUR,79.86
SO-10922,2026-08-10 04:17,cancelled,EUR,420.57
SO-11036,2026-08-10 05:37,paid,EUR,179.13
SO-10869,2026-08-10 06:26,paid,EUR,394.38
SO-10232,2026-08-10 06:57,paid,EUR,101.11
SO-11046,2026-08-10 08:42,paid,EUR,414.31
SO-10714,2026-08-10 09:24,paid,EUR,467.29
SO-11037,2026-08-10 10:16,refunded,EUR,302.84
SO-10276,2026-08-10 10:25,paid,EUR,223.35
SO-10077,2026-08-10 10:27,paid,EUR,419.58
SO-10790,2026-08-10 11:12,paid,EUR,218.18
SO-10997,2026-08-10 11:25,paid,EUR,67.32
SO-10750,2026-08-10 12:24,refunded,EUR,154.63
SO-10522,2026-08-10 12:38,cancelled,EUR,198.18
SO-10483,2026-08-10 12:50,paid,EUR,22.82
SO-10562,2026-08-10 13:17,paid,EUR,54.33
SO-10421,2026-08-10 13:57,refunded,EUR,87.86
SO-10324,2026-08-10 14:40,paid,EUR,176.99
SO-10168,2026-08-10 14:49,paid,EUR,136.75
SO-11188,2026-08-10 14:54,paid,EUR,280.09
SO-10901,2026-08-10 15:40,paid,EUR,193.45
SO-10574,2026-08-10 16:13,cancelled,EUR,237.14
SO-10924,2026-08-10 16:36,paid,EUR,147.78
SO-10694,2026-08-10 17:28,paid,EUR,253.67
SO-11074,2026-08-10 17:56,cancelled,EUR,198.12
SO-10194,2026-08-10 17:58,paid,EUR,353.01
SO-10326,2026-08-10 18:01,paid,EUR,286.97
SO-11045,2026-08-10 18:17,paid,EUR,462.06
SO-10088,2026-08-10 18:28,paid,EUR,419.24
SO-10439,2026-08-10 20:57,paid,EUR,99.24
SO-10756,2026-08-10 21:45,paid,EUR,44.29
SO-10004,2026-08-10 21:50,paid,EUR,38.37
SO-11127,2026-08-10 21:50,paid,EUR,327.39
SO-11028,2026-08-10 21:56,cancelled,EUR,199.12
SO-10498,2026-08-10 22:08,refunded,EUR,377.38
SO-11020,2026-08-10 22:09,paid,EUR,315.34
SO-10031,2026-08-10 23:38,paid,EUR,173.10
SO-10794,2026-08-11 00:42,paid,EUR,393.81
SO-10633,2026-08-11 01:27,refunded,EUR,103.44
SO-11066,2026-08-11 01:31,cancelled,EUR,227.52
SO-10863,2026-08-11 02:46,refunded,EUR,471.10
SO-10022,2026-08-11 03:10,cancelled,EUR,410.23
SO-10431,2026-08-11 04:19,paid,EUR,307.23
SO-10217,2026-08-11 04:26,paid,EUR,430.81
SO-10599,2026-08-11 04:48,refunded,EUR,440.85
SO-10785,2026-08-11 04:50,paid,EUR,175.83
SO-10592,2026-08-11 05:10,paid,EUR,28.07
SO-10712,2026-08-11 05:14,paid,EUR,194.57
SO-10202,2026-08-11 05:40,refunded,EUR,200.35
SO-10604,2026-08-11 05:41,paid,EUR,218.10
SO-10366,2026-08-11 06:03,paid,EUR,50.63
SO-10047,2026-08-11 06:19,refunded,EUR,204.70
SO-10071,2026-08-11 06:20,paid,EUR,202.52
SO-10732,2026-08-11 07:01,cancelled,EUR,474.99
SO-10468,2026-08-11 07:04,cancelled,EUR,439.35
SO-11147,2026-08-11 07:13,paid,EUR,201.56
SO-10351,2026-08-11 07:29,paid,EUR,390.12
SO-10994,2026-08-11 09:02,paid,EUR,49.99
SO-11009,2026-08-11 09:08,paid,EUR,270.19
SO-10636,2026-08-11 09:34,paid,EUR,226.44
SO-10910,2026-08-11 10:31,paid,EUR,350.87
SO-10766,2026-08-11 10:54,paid,EUR,363.33
SO-10083,2026-08-11 11:00,paid,EUR,163.25
SO-10740,2026-08-11 11:06,paid,EUR,272.62
SO-10974,2026-08-11 11:56,paid,EUR,223.40
SO-11107,2026-08-11 12:05,paid,EUR,157.96
SO-10979,2026-08-11 12:30,cancelled,EUR,344.85
SO-10246,2026-08-11 12:36,paid,EUR,298.50
SO-10432,2026-08-11 13:56,paid,EUR,254.24
SO-11032,2026-08-11 14:07,paid,EUR,59.27
SO-10269,2026-08-11 16:37,paid,EUR,94.98
SO-10041,2026-08-11 16:51,paid,EUR,174.16
SO-10968,2026-08-11 17:10,cancelled,EUR,62.32
SO-10390,2026-08-11 17:44,cancelled,EUR,379.25
SO-10074,2026-08-11 18:36,paid,EUR,35.61
SO-10242,2026-08-11 18:59,paid,EUR,114.48
SO-11159,2026-08-11 19:08,paid,EUR,59.71
SO-10413,2026-08-11 20:13,paid,EUR,51.07
SO-10805,2026-08-11 20:48,refunded,EUR,338.24
SO-10678,2026-08-11 21:38,paid,EUR,316.10
SO-10147,2026-08-11 23:03,paid,EUR,214.22
SO-10729,2026-08-12 00:04,paid,EUR,247.81
SO-10244,2026-08-12 01:05,paid,EUR,153.52
SO-10049,2026-08-12 02:46,paid,EUR,24.96
SO-10247,2026-08-12 04:00,paid,EUR,298.44
SO-10387,2026-08-12 06:29,paid,EUR,372.42
SO-10461,2026-08-12 06:37,paid,EUR,473.97
SO-10566,2026-08-12 06:54,cancelled,EUR,120.33
SO-10135,2026-08-12 07:32,paid,EUR,103.99
SO-10277,2026-08-12 07:58,paid,EUR,304.47
SO-11077,2026-08-12 08:36,paid,EUR,365.66
SO-11114,2026-08-12 08:36,paid,EUR,382.10
SO-10881,2026-08-12 09:29,paid,EUR,126.52
SO-10897,2026-08-12 09:53,paid,EUR,76.21
SO-10280,2026-08-12 10:23,paid,EUR,41.78
SO-11079,2026-08-12 10:40,paid,EUR,478.96
SO-11125,2026-08-12 11:21,paid,EUR,315.77
SO-10002,2026-08-12 13:30,paid,EUR,107.34
SO-10148,2026-08-12 13:33,paid,EUR,378.37
SO-10879,2026-08-12 14:10,paid,EUR,338.62
SO-10310,2026-08-12 14:46,paid,EUR,52.81
SO-10212,2026-08-12 15:38,refunded,EUR,285.94
SO-10626,2026-08-12 16:14,paid,EUR,241.71
SO-10372,2026-08-12 16:36,paid,EUR,440.20
SO-10826,2026-08-12 16:48,paid,EUR,325.84
SO-10017,2026-08-12 19:34,paid,EUR,300.93
SO-10281,2026-08-12 20:21,cancelled,EUR,132.39
SO-10178,2026-08-12 20:25,refunded,EUR,302.00
SO-10801,2026-08-12 21:04,cancelled,EUR,214.78
SO-10651,2026-08-12 21:15,paid,EUR,395.07
SO-11116,2026-08-12 21:17,paid,EUR,431.77
SO-10759,2026-08-12 21:19,paid,EUR,187.45
SO-11185,2026-08-12 22:32,cancelled,EUR,411.47
SO-10912,2026-08-12 22:36,paid,EUR,62.42
SO-10354,2026-08-12 23:33,paid,EUR,184.91
SO-10868,2026-08-12 23:48,refunded,EUR,150.38
SO-10496,2026-08-13 00:11,paid,EUR,293.75
SO-10540,2026-08-13 00:42,paid,EUR,219.29
SO-10307,2026-08-13 01:30,paid,EUR,431.58
SO-10544,2026-08-13 01:31,paid,EUR,180.28
SO-10395,2026-08-13 01:41,paid,EUR,202.60
SO-10534,2026-08-13 02:34,paid,EUR,235.26
SO-10398,2026-08-13 03:44,paid,EUR,226.95
SO-10252,2026-08-13 05:11,cancelled,EUR,173.55
SO-10338,2026-08-13 06:14,paid,EUR,347.01
SO-10215,2026-08-13 06:48,paid,EUR,115.58
SO-10860,2026-08-13 07:40,paid,EUR,85.78
SO-11087,2026-08-13 07:58,cancelled,EUR,456.55
SO-11031,2026-08-13 08:31,cancelled,EUR,352.14
SO-10055,2026-08-13 09:14,refunded,EUR,299.81
SO-10571,2026-08-13 11:04,paid,EUR,360.04
SO-10053,2026-08-13 12:01,paid,EUR,235.91
SO-10110,2026-08-13 13:17,paid,EUR,300.21
SO-10695,2026-08-13 13:57,cancelled,EUR,273.51
SO-10069,2026-08-13 14:27,paid,EUR,220.53
SO-10081,2026-08-13 15:02,paid,EUR,369.39
SO-11162,2026-08-13 15:05,paid,EUR,386.47
SO-11196,2026-08-13 15:26,refunded,EUR,183.39
SO-10206,2026-08-13 15:39,cancelled,EUR,338.37
SO-10378,2026-08-13 15:59,paid,EUR,326.86
SO-11095,2026-08-13 16:44,refunded,EUR,39.79
SO-10645,2026-08-13 17:01,paid,EUR,188.95
SO-10830,2026-08-13 17:17,refunded,EUR,188.31
SO-10848,2026-08-13 17:18,cancelled,EUR,251.97
SO-10737,2026-08-13 17:24,paid,EUR,75.42
SO-10028,2026-08-13 17:35,paid,EUR,228.81
SO-10508,2026-08-13 18:40,paid,EUR,328.52
SO-10675,2026-08-13 18:46,paid,EUR,207.19
SO-10524,2026-08-13 19:08,paid,EUR,454.34
SO-11177,2026-08-13 19:20,paid,EUR,138.35
SO-10655,2026-08-13 20:55,refunded,EUR,68.14
SO-10471,2026-08-13 21:24,paid,EUR,351.68
SO-10129,2026-08-13 21:28,paid,EUR,162.53
SO-10555,2026-08-13 21:29,paid,EUR,306.08
SO-11038,2026-08-13 21:33,cancelled,EUR,106.22
SO-10631,2026-08-13 22:51,paid,EUR,143.70
SO-10603,2026-08-13 23:15,paid,EUR,257.25
SO-11089,2026-08-13 23:16,paid,EUR,338.34
SO-10600,2026-08-13 23:40,paid,EUR,232.75
SO-10943,2026-08-14 00:12,refunded,EUR,399.42
SO-10691,2026-08-14 00:57,cancelled,EUR,406.00
SO-10525,2026-08-14 02:38,paid,EUR,422.30
SO-11044,2026-08-14 03:02,paid,EUR,82.43
SO-10259,2026-08-14 04:00,paid,EUR,230.12
SO-10942,2026-08-14 05:28,paid,EUR,347.62
SO-11025,2026-08-14 06:21,paid,EUR,78.82
SO-10210,2026-08-14 07:33,paid,EUR,316.51
SO-10981,2026-08-14 07:35,paid,EUR,424.14
SO-10746,2026-08-14 07:39,cancelled,EUR,280.37
SO-10297,2026-08-14 08:02,paid,EUR,183.14
SO-10514,2026-08-14 08:38,paid,EUR,141.97
SO-10472,2026-08-14 08:41,paid,EUR,169.47
SO-10865,2026-08-14 09:01,paid,EUR,457.86
SO-10762,2026-08-14 09:13,paid,EUR,133.59
SO-11122,2026-08-14 09:13,paid,EUR,436.68
SO-10716,2026-08-14 09:35,cancelled,EUR,238.83
SO-11015,2026-08-14 09:41,cancelled,EUR,398.13
SO-10895,2026-08-14 11:03,paid,EUR,202.06
SO-11075,2026-08-14 11:03,paid,EUR,351.87
SO-10492,2026-08-14 11:04,paid,EUR,346.53
SO-10407,2026-08-14 11:14,cancelled,EUR,160.76
SO-10136,2026-08-14 12:34,paid,EUR,320.51
SO-10649,2026-08-14 13:38,paid,EUR,35.91
SO-10287,2026-08-14 13:52,refunded,EUR,459.99
SO-10091,2026-08-14 14:16,paid,EUR,454.85
SO-10306,2026-08-14 15:37,paid,EUR,469.98
SO-10734,2026-08-14 16:27,refunded,EUR,315.77
SO-10403,2026-08-14 16:44,paid,EUR,141.56
SO-10093,2026-08-14 17:02,paid,EUR,328.57
SO-10228,2026-08-14 17:37,paid,EUR,232.50
SO-11092,2026-08-14 18:38,paid,EUR,128.88
SO-10764,2026-08-14 19:25,paid,EUR,42.91
SO-10166,2026-08-14 21:00,paid,EUR,66.51
SO-10106,2026-08-14 21:35,paid,EUR,367.98
SO-11023,2026-08-14 22:48,paid,EUR,23.56
SO-10620,2026-08-14 22:54,paid,EUR,88.79
SO-10885,2026-08-14 23:39,paid,EUR,40.87
SO-10226,2026-08-15 00:30,paid,EUR,211.76
SO-10710,2026-08-15 01:03,paid,EUR,442.65
SO-10384,2026-08-15 01:26,paid,EUR,15.94
SO-11148,2026-08-15 02:17,paid,EUR,349.42
SO-10512,2026-08-15 02:44,paid,EUR,252.26
SO-10302,2026-08-15 03:14,cancelled,EUR,170.15
SO-10813,2026-08-15 04:05,paid,EUR,115.83
SO-10165,2026-08-15 04:12,paid,EUR,356.60
SO-10150,2026-08-15 06:29,paid,EUR,209.95
SO-10422,2026-08-15 06:54,paid,EUR,51.07
SO-10648,2026-08-15 07:01,refunded,EUR,175.50
SO-10679,2026-08-15 08:07,refunded,EUR,35.41
SO-10809,2026-08-15 08:36,paid,EUR,388.03
SO-10096,2026-08-15 08:52,paid,EUR,174.94
SO-11133,2026-08-15 09:33,cancelled,EUR,130.79
SO-10719,2026-08-15 10:17,paid,EUR,233.45
SO-10356,2026-08-15 10:42,paid,EUR,474.75
SO-10291,2026-08-15 11:24,refunded,EUR,446.20
SO-10929,2026-08-15 12:46,paid,EUR,335.72
SO-10757,2026-08-15 13:04,paid,EUR,222.44
SO-11200,2026-08-15 13:28,cancelled,EUR,217.28
SO-10404,2026-08-15 14:41,paid,EUR,405.35
SO-11022,2026-08-15 15:09,cancelled,EUR,381.48
SO-10991,2026-08-15 15:12,paid,EUR,127.37
SO-10489,2026-08-15 15:13,paid,EUR,20.17
SO-10363,2026-08-15 15:24,paid,EUR,134.68
SO-10793,2026-08-15 15:51,paid,EUR,171.41
SO-10596,2026-08-15 16:08,paid,EUR,49.19
SO-11034,2026-08-15 16:40,paid,EUR,82.16
SO-10108,2026-08-15 17:03,refunded,EUR,324.18
SO-10565,2026-08-15 17:31,paid,EUR,414.91
SO-11178,2026-08-15 18:31,paid,EUR,75.99
SO-10191,2026-08-15 20:01,refunded,EUR,295.81
SO-10301,2026-08-15 20:39,paid,EUR,302.22
SO-10701,2026-08-15 20:43,paid,EUR,236.06
SO-10682,2026-08-15 20:57,paid,EUR,402.85
SO-10231,2026-08-15 21:11,paid,EUR,174.67
SO-11128,2026-08-15 21:14,cancelled,EUR,201.40
SO-11088,2026-08-15 21:23,refunded,EUR,138.71
SO-10563,2026-08-15 23:01,paid,EUR,359.11
SO-10149,2026-08-15 23:40,refunded,EUR,365.94
SO-10838,2026-08-16 00:29,paid,EUR,271.19
SO-10937,2026-08-16 00:36,paid,EUR,212.75
SO-10254,2026-08-16 00:52,paid,EUR,109.64
SO-10424,2026-08-16 01:15,paid,EUR,101.66
SO-10767,2026-08-16 02:17,refunded,EUR,315.53
SO-10944,2026-08-16 03:07,paid,EUR,397.04
SO-10313,2026-08-16 03:18,paid,EUR,410.60
SO-11061,2026-08-16 03:33,paid,EUR,291.82
SO-10084,2026-08-16 03:36,paid,EUR,252.65
SO-10517,2026-08-16 04:09,paid,EUR,224.65
SO-10584,2026-08-16 04:43,refunded,EUR,414.91
SO-10769,2026-08-16 05:14,cancelled,EUR,451.30
SO-10245,2026-08-16 05:38,paid,EUR,162.96
SO-11030,2026-08-16 05:58,paid,EUR,406.25
SO-10936,2026-08-16 06:05,paid,EUR,169.78
SO-11118,2026-08-16 07:12,paid,EUR,74.90
SO-10799,2026-08-16 07:42,paid,EUR,448.69
SO-10569,2026-08-16 08:20,paid,EUR,258.27
SO-10520,2026-08-16 08:53,paid,EUR,358.48
SO-10006,2026-08-16 09:18,refunded,EUR,26.55
SO-10969,2026-08-16 09:57,paid,EUR,27.21
SO-10347,2026-08-16 11:23,paid,EUR,96.01
SO-10861,2026-08-16 11:28,cancelled,EUR,336.38
SO-10909,2026-08-16 12:10,paid,EUR,154.50
SO-10080,2026-08-16 12:12,refunded,EUR,268.30
SO-11167,2026-08-16 12:51,paid,EUR,285.85
SO-11186,2026-08-16 13:04,paid,EUR,336.14
SO-10160,2026-08-16 15:06,paid,EUR,423.46
SO-11073,2026-08-16 16:07,refunded,EUR,102.29
SO-10509,2026-08-16 16:20,paid,EUR,471.25
SO-11011,2026-08-16 16:34,paid,EUR,150.96
SO-10806,2026-08-16 18:08,paid,EUR,176.32
SO-10311,2026-08-16 19:56,paid,EUR,140.27
SO-10504,2026-08-16 20:09,paid,EUR,265.16
SO-10198,2026-08-16 20:17,paid,EUR,464.71
SO-10500,2026-08-16 21:05,paid,EUR,125.74
SO-10597,2026-08-16 21:16,cancelled,EUR,280.10
SO-10455,2026-08-16 22:24,paid,EUR,279.34
SO-10012,2026-08-16 23:58,cancelled,EUR,373.10
SO-10992,2026-08-17 00:28,refunded,EUR,403.43
SO-10388,2026-08-17 00:38,paid,EUR,17.48
SO-10034,2026-08-17 00:40,refunded,EUR,83.70
SO-10286,2026-08-17 00:40,cancelled,EUR,385.97
SO-10971,2026-08-17 01:47,cancelled,EUR,269.55
SO-10001,2026-08-17 02:17,paid,EUR,185.25
SO-10092,2026-08-17 02:38,paid,EUR,309.18
SO-10065,2026-08-17 03:34,cancelled,EUR,309.99
SO-10930,2026-08-17 04:06,cancelled,EUR,130.69
SO-10573,2026-08-17 04:13,paid,EUR,395.07
SO-10507,2026-08-17 04:55,paid,EUR,379.84
SO-10040,2026-08-17 05:23,paid,EUR,251.42
SO-11104,2026-08-17 05:44,cancelled,EUR,446.52
SO-10121,2026-08-17 05:55,paid,EUR,204.95
SO-10409,2026-08-17 06:27,paid,EUR,252.23
SO-10290,2026-08-17 06:31,paid,EUR,121.24
SO-10063,2026-08-17 07:33,paid,EUR,47.36
SO-10842,2026-08-17 08:03,paid,EUR,254.06
SO-10640,2026-08-17 08:31,paid,EUR,265.01
SO-10617,2026-08-17 09:03,paid,EUR,292.44
SO-10843,2026-08-17 10:00,paid,EUR,104.16
SO-11155,2026-08-17 10:42,paid,EUR,179.21
SO-10941,2026-08-17 10:54,paid,EUR,461.12
SO-11016,2026-08-17 10:56,paid,EUR,215.53
SO-11124,2026-08-17 11:20,paid,EUR,84.66
SO-10887,2026-08-17 11:48,paid,EUR,375.71
SO-11119,2026-08-17 12:27,paid,EUR,40.12
SO-10811,2026-08-17 12:32,paid,EUR,362.63
SO-10138,2026-08-17 12:55,paid,EUR,299.44
SO-10591,2026-08-17 13:31,paid,EUR,194.03
SO-10789,2026-08-17 13:41,refunded,EUR,400.87
SO-10975,2026-08-17 14:18,paid,EUR,70.09
SO-10724,2026-08-17 14:47,paid,EUR,182.73
SO-11187,2026-08-17 15:02,paid,EUR,274.68
SO-10931,2026-08-17 15:09,paid,EUR,181.48
SO-10434,2026-08-17 16:01,paid,EUR,358.07
SO-11056,2026-08-17 18:01,cancelled,EUR,51.91
SO-10029,2026-08-17 18:12,paid,EUR,131.36
SO-10037,2026-08-17 18:40,cancelled,EUR,456.41
SO-10260,2026-08-17 19:00,paid,EUR,179.68
SO-10368,2026-08-17 19:13,paid,EUR,279.67
SO-10444,2026-08-17 20:52,paid,EUR,153.37
SO-11169,2026-08-17 20:53,cancelled,EUR,392.49
SO-11108,2026-08-17 21:18,paid,EUR,365.30
SO-10888,2026-08-17 21:55,paid,EUR,117.36
SO-10998,2026-08-17 22:53,paid,EUR,100.61
SO-10196,2026-08-17 23:31,cancelled,EUR,284.59
SO-10437,2026-08-18 00:48,paid,EUR,412.16
SO-10670,2026-08-18 01:04,refunded,EUR,14.33
SO-10163,2026-08-18 01:16,paid,EUR,342.87
SO-10449,2026-08-18 02:11,paid,EUR,22.86
SO-10219,2026-08-18 02:26,paid,EUR,385.96
SO-11190,2026-08-18 02:34,paid,EUR,317.39
SO-10859,2026-08-18 02:35,refunded,EUR,94.64
SO-10923,2026-08-18 03:21,paid,EUR,190.40
SO-10893,2026-08-18 03:27,cancelled,EUR,24.06
SO-10606,2026-08-18 03:43,paid,EUR,103.43
SO-10433,2026-08-18 03:45,paid,EUR,468.15
SO-10845,2026-08-18 03:48,paid,EUR,211.75
SO-10870,2026-08-18 04:55,refunded,EUR,405.95
SO-10804,2026-08-18 04:57,paid,EUR,47.31
SO-10355,2026-08-18 05:34,refunded,EUR,19.29
SO-10977,2026-08-18 05:37,refunded,EUR,292.93
SO-10173,2026-08-18 05:52,paid,EUR,476.07
SO-10345,2026-08-18 06:24,cancelled,EUR,210.14
SO-10440,2026-08-18 06:40,paid,EUR,98.66
SO-10070,2026-08-18 07:09,paid,EUR,452.71
SO-10862,2026-08-18 08:18,paid,EUR,150.36
SO-10342,2026-08-18 08:41,refunded,EUR,103.68
SO-10333,2026-08-18 08:46,paid,EUR,248.13
SO-10915,2026-08-18 08:58,paid,EUR,69.16
SO-10564,2026-08-18 09:21,paid,EUR,263.68
SO-11065,2026-08-18 10:08,paid,EUR,15.27
SO-10972,2026-08-18 10:21,paid,EUR,74.97
SO-10871,2026-08-18 10:33,paid,EUR,72.54
SO-10450,2026-08-18 10:57,paid,EUR,369.07
SO-10935,2026-08-18 11:41,paid,EUR,112.44
SO-10616,2026-08-18 11:45,paid,EUR,155.38
SO-10967,2026-08-18 12:08,paid,EUR,152.59
SO-10414,2026-08-18 12:29,paid,EUR,260.62
SO-10303,2026-08-18 13:00,paid,EUR,249.13
SO-11126,2026-08-18 13:27,paid,EUR,173.88
SO-10798,2026-08-18 13:30,cancelled,EUR,354.51
SO-10625,2026-08-18 16:10,paid,EUR,63.51
SO-10529,2026-08-18 16:18,paid,EUR,87.03
SO-10146,2026-08-18 17:14,cancelled,EUR,142.85
SO-10346,2026-08-18 17:17,paid,EUR,48.33
SO-10330,2026-08-18 17:37,paid,EUR,97.31
SO-10319,2026-08-18 18:04,paid,EUR,397.18
SO-10048,2026-08-18 18:18,refunded,EUR,162.88
SO-10854,2026-08-18 18:41,paid,EUR,42.58
SO-10321,2026-08-18 19:07,paid,EUR,44.64
SO-10288,2026-08-18 19:22,paid,EUR,178.72
SO-10009,2026-08-18 19:42,paid,EUR,276.37
SO-10506,2026-08-18 19:42,paid,EUR,177.28
SO-10989,2026-08-18 19:45,paid,EUR,450.08
SO-10249,2026-08-18 19:54,cancelled,EUR,156.80
SO-10681,2026-08-18 20:10,paid,EUR,71.58
SO-10717,2026-08-18 20:23,paid,EUR,195.61
SO-10730,2026-08-18 20:53,paid,EUR,441.78
SO-11064,2026-08-18 22:13,cancelled,EUR,430.76
SO-11100,2026-08-18 22:14,paid,EUR,402.35
SO-10068,2026-08-18 22:33,refunded,EUR,370.87
SO-10201,2026-08-18 23:04,cancelled,EUR,64.41
SO-10429,2026-08-18 23:44,paid,EUR,309.26
SO-10060,2026-08-19 00:56,paid,EUR,86.45
SO-10072,2026-08-19 01:05,refunded,EUR,326.44
SO-10533,2026-08-19 01:30,paid,EUR,148.37
SO-10109,2026-08-19 02:10,cancelled,EUR,245.52
SO-11069,2026-08-19 02:28,paid,EUR,31.87
SO-10823,2026-08-19 02:35,refunded,EUR,186.05
SO-10205,2026-08-19 03:12,paid,EUR,177.40
SO-10116,2026-08-19 04:41,paid,EUR,13.51
SO-10441,2026-08-19 05:16,paid,EUR,331.04
SO-11171,2026-08-19 05:56,paid,EUR,153.14
SO-10836,2026-08-19 07:31,paid,EUR,212.15
SO-11117,2026-08-19 08:21,paid,EUR,296.47
SO-10946,2026-08-19 09:13,paid,EUR,353.26
SO-10474,2026-08-19 09:30,paid,EUR,441.65
SO-10970,2026-08-19 09:34,refunded,EUR,83.09
SO-10539,2026-08-19 09:59,paid,EUR,206.92
SO-10274,2026-08-19 10:07,paid,EUR,274.86
SO-10460,2026-08-19 10:08,cancelled,EUR,118.52
SO-10400,2026-08-19 12:29,refunded,EUR,239.53
SO-10220,2026-08-19 12:39,paid,EUR,79.96
SO-10502,2026-08-19 12:54,refunded,EUR,459.14
SO-11170,2026-08-19 12:58,paid,EUR,457.63
SO-11109,2026-08-19 13:39,refunded,EUR,129.24
SO-10543,2026-08-19 14:59,paid,EUR,358.68
SO-10872,2026-08-19 15:24,paid,EUR,64.24
SO-11175,2026-08-19 15:24,refunded,EUR,221.43
SO-10672,2026-08-19 16:11,refunded,EUR,437.38
SO-10663,2026-08-19 16:27,paid,EUR,296.39
SO-10061,2026-08-19 16:34,refunded,EUR,376.83
SO-11136,2026-08-19 16:36,paid,EUR,19.25
SO-10336,2026-08-19 17:21,paid,EUR,452.83
SO-10660,2026-08-19 17:40,paid,EUR,47.65
SO-10572,2026-08-19 17:54,cancelled,EUR,66.43
SO-10320,2026-08-19 18:32,paid,EUR,452.27
SO-10711,2026-08-19 18:48,paid,EUR,374.26
SO-10018,2026-08-19 20:02,paid,EUR,128.42
SO-11141,2026-08-19 20:09,refunded,EUR,309.30
SO-10832,2026-08-19 21:10,refunded,EUR,166.45
SO-10873,2026-08-19 21:24,paid,EUR,479.36
SO-10340,2026-08-19 21:26,paid,EUR,244.11
SO-10335,2026-08-19 21:45,paid,EUR,450.18
SO-10840,2026-08-19 22:39,paid,EUR,187.65
SO-10822,2026-08-19 22:57,paid,EUR,310.99
SO-11005,2026-08-19 23:24,paid,EUR,149.41
SO-10428,2026-08-20 01:39,paid,EUR,267.29
SO-11078,2026-08-20 01:56,paid,EUR,203.99
SO-10664,2026-08-20 02:35,paid,EUR,390.16
SO-10016,2026-08-20 03:07,paid,EUR,297.91
SO-11096,2026-08-20 03:23,paid,EUR,257.89
SO-10669,2026-08-20 04:32,paid,EUR,85.92
SO-10723,2026-08-20 04:41,paid,EUR,95.91
SO-10689,2026-08-20 05:36,paid,EUR,150.11
SO-10763,2026-08-20 05:38,paid,EUR,196.86
SO-10760,2026-08-20 06:16,paid,EUR,326.00
SO-10102,2026-08-20 08:24,paid,EUR,446.03
SO-10010,2026-08-20 08:26,paid,EUR,355.80
SO-10143,2026-08-20 10:29,paid,EUR,432.15
SO-11174,2026-08-20 10:55,paid,EUR,322.36
SO-10175,2026-08-20 11:47,cancelled,EUR,256.45
SO-10332,2026-08-20 15:15,cancelled,EUR,344.38
SO-10898,2026-08-20 15:19,paid,EUR,118.87
SO-11101,2026-08-20 17:33,cancelled,EUR,162.33
SO-10847,2026-08-20 17:47,cancelled,EUR,399.56
SO-10988,2026-08-20 19:21,paid,EUR,200.00
SO-10218,2026-08-20 20:07,cancelled,EUR,225.46
SO-10039,2026-08-20 20:20,paid,EUR,52.69
SO-10612,2026-08-20 20:31,paid,EUR,313.70
SO-10751,2026-08-20 21:07,paid,EUR,398.81
SO-11093,2026-08-20 21:12,paid,EUR,371.85
SO-10814,2026-08-20 21:50,paid,EUR,393.59
SO-10827,2026-08-20 22:51,refunded,EUR,341.45
SO-10360,2026-08-20 23:14,refunded,EUR,293.22
SO-10864,2026-08-20 23:58,cancelled,EUR,109.53
SO-11165,2026-08-21 01:09,paid,EUR,428.23
SO-10167,2026-08-21 01:10,cancelled,EUR,217.30
SO-10104,2026-08-21 03:00,paid,EUR,345.66
SO-10085,2026-08-21 03:57,paid,EUR,397.93
SO-10380,2026-08-21 04:11,cancelled,EUR,390.44
SO-11051,2026-08-21 04:33,paid,EUR,277.88
SO-11195,2026-08-21 04:33,paid,EUR,410.65
SO-10903,2026-08-21 05:02,paid,EUR,286.65
SO-10825,2026-08-21 05:32,paid,EUR,471.28
SO-10738,2026-08-21 05:41,paid,EUR,188.78
SO-11068,2026-08-21 07:31,cancelled,EUR,211.52
SO-11140,2026-08-21 07:45,paid,EUR,185.12
SO-10505,2026-08-21 08:06,paid,EUR,131.15
SO-10856,2026-08-21 08:17,refunded,EUR,306.65
SO-10127,2026-08-21 08:50,paid,EUR,416.42
SO-10020,2026-08-21 09:11,paid,EUR,402.78
SO-10833,2026-08-21 09:15,paid,EUR,60.24
SO-10913,2026-08-21 09:15,paid,EUR,386.60
SO-10585,2026-08-21 09:20,cancelled,EUR,69.73
SO-10095,2026-08-21 11:30,paid,EUR,167.74
SO-11154,2026-08-21 12:02,paid,EUR,214.06
SO-10772,2026-08-21 12:11,refunded,EUR,158.06
SO-10480,2026-08-21 12:41,paid,EUR,156.12
SO-11158,2026-08-21 13:17,paid,EUR,396.88
SO-10844,2026-08-21 13:46,paid,EUR,180.74
SO-10305,2026-08-21 14:36,paid,EUR,426.23
SO-10447,2026-08-21 15:34,paid,EUR,407.89
SO-11110,2026-08-21 15:47,paid,EUR,182.11
SO-11181,2026-08-21 16:02,paid,EUR,409.13
SO-10385,2026-08-21 18:27,paid,EUR,299.32
SO-10957,2026-08-21 18:32,cancelled,EUR,277.16
SO-10581,2026-08-21 18:54,paid,EUR,335.72
SO-10334,2026-08-21 20:13,refunded,EUR,328.80
SO-11063,2026-08-21 20:24,cancelled,EUR,339.86
SO-10418,2026-08-21 20:30,cancelled,EUR,24.47
SO-11173,2026-08-21 21:13,paid,EUR,368.29
SO-10551,2026-08-21 21:35,paid,EUR,38.85
SO-10251,2026-08-21 22:25,paid,EUR,263.46
SO-10576,2026-08-21 22:34,paid,EUR,238.20
SO-10195,2026-08-21 22:41,paid,EUR,161.90
SO-10187,2026-08-21 23:18,paid,EUR,36.12
SO-10066,2026-08-21 23:31,paid,EUR,359.90
SO-10510,2026-08-21 23:43,paid,EUR,363.24
SO-10379,2026-08-21 23:54,paid,EUR,87.60
SO-10851,2026-08-22 00:56,paid,EUR,176.41
SO-10725,2026-08-22 01:26,paid,EUR,399.35
SO-10875,2026-08-22 01:35,paid,EUR,15.16
SO-10327,2026-08-22 03:42,cancelled,EUR,242.55
SO-10693,2026-08-22 04:04,paid,EUR,72.79
SO-10900,2026-08-22 04:34,paid,EUR,346.83
SO-10758,2026-08-22 04:43,paid,EUR,463.63
SO-10545,2026-08-22 04:47,paid,EUR,464.36
SO-10858,2026-08-22 05:39,paid,EUR,30.62
SO-10748,2026-08-22 06:00,paid,EUR,143.69
SO-10866,2026-08-22 06:08,paid,EUR,278.58
SO-10956,2026-08-22 06:40,refunded,EUR,306.41
SO-10613,2026-08-22 07:36,paid,EUR,352.78
SO-10348,2026-08-22 08:12,refunded,EUR,182.26
SO-10908,2026-08-22 09:09,paid,EUR,408.10
SO-10438,2026-08-22 09:49,paid,EUR,404.59
SO-10365,2026-08-22 09:55,refunded,EUR,32.41
SO-10786,2026-08-22 09:56,paid,EUR,28.04
SO-10815,2026-08-22 12:09,cancelled,EUR,207.11
SO-10442,2026-08-22 12:19,cancelled,EUR,165.18
SO-10607,2026-08-22 12:19,paid,EUR,293.62
SO-10140,2026-08-22 13:05,paid,EUR,200.29
SO-10374,2026-08-22 13:26,paid,EUR,135.99
SO-10535,2026-08-22 13:42,refunded,EUR,171.25
SO-10803,2026-08-22 13:53,paid,EUR,193.44
SO-10819,2026-08-22 14:39,paid,EUR,223.16
SO-10325,2026-08-22 16:23,paid,EUR,176.91
SO-10706,2026-08-22 16:26,paid,EUR,33.22
SO-10662,2026-08-22 16:43,cancelled,EUR,389.61
SO-11199,2026-08-22 16:58,paid,EUR,59.28
SO-10905,2026-08-22 17:02,refunded,EUR,423.41
SO-10499,2026-08-22 17:15,refunded,EUR,320.59
SO-10371,2026-08-22 17:16,paid,EUR,269.11
SO-10722,2026-08-22 19:24,paid,EUR,56.11
SO-10684,2026-08-22 21:06,paid,EUR,49.01
SO-10653,2026-08-22 21:12,paid,EUR,315.47
SO-11142,2026-08-22 23:14,refunded,EUR,66.92
SO-10680,2026-08-22 23:37,paid,EUR,439.07
SO-11027,2026-08-22 23:58,cancelled,EUR,178.23
SO-10965,2026-08-23 00:18,paid,EUR,478.52
SO-10486,2026-08-23 01:14,paid,EUR,302.07
SO-10134,2026-08-23 01:42,cancelled,EUR,426.57
SO-10058,2026-08-23 02:49,paid,EUR,316.69
SO-10144,2026-08-23 05:01,paid,EUR,92.61
SO-10521,2026-08-23 05:38,refunded,EUR,205.74
SO-11152,2026-08-23 06:32,paid,EUR,405.24
SO-11135,2026-08-23 06:34,paid,EUR,461.63
SO-10402,2026-08-23 07:08,paid,EUR,87.27
SO-11082,2026-08-23 07:27,paid,EUR,15.46
SO-10704,2026-08-23 07:43,paid,EUR,348.13
SO-10559,2026-08-23 08:58,paid,EUR,176.01
SO-10890,2026-08-23 10:31,paid,EUR,140.52
SO-11000,2026-08-23 11:39,cancelled,EUR,73.80
SO-10560,2026-08-23 11:45,paid,EUR,243.93
SO-10137,2026-08-23 12:10,cancelled,EUR,226.57
SO-10075,2026-08-23 13:11,paid,EUR,103.04
SO-10780,2026-08-23 13:28,paid,EUR,262.92
SO-10120,2026-08-23 14:35,paid,EUR,231.69
SO-10229,2026-08-23 14:53,paid,EUR,426.66
SO-10258,2026-08-23 14:53,paid,EUR,466.09
SO-11080,2026-08-23 15:34,paid,EUR,309.34
SO-10635,2026-08-23 15:53,paid,EUR,310.98
SO-10792,2026-08-23 17:39,paid,EUR,285.93
SO-10054,2026-08-23 20:09,paid,EUR,76.43
SO-10531,2026-08-23 20:21,paid,EUR,383.99
SO-11052,2026-08-23 20:52,paid,EUR,312.53
SO-10800,2026-08-23 21:12,paid,EUR,273.39
SO-10487,2026-08-23 21:18,cancelled,EUR,295.88
SO-10298,2026-08-23 21:34,paid,EUR,327.68
SO-10300,2026-08-23 21:36,paid,EUR,467.74
SO-10781,2026-08-23 23:24,paid,EUR,143.21
SO-10709,2026-08-24 04:19,paid,EUR,220.33
SO-11040,2026-08-24 04:40,paid,EUR,472.24
SO-10783,2026-08-24 05:29,refunded,EUR,48.88
SO-10122,2026-08-24 06:30,paid,EUR,340.29
SO-10464,2026-08-24 07:46,paid,EUR,148.62
SO-10373,2026-08-24 07:48,cancelled,EUR,437.62
SO-10568,2026-08-24 08:47,paid,EUR,479.92
SO-10891,2026-08-24 09:11,refunded,EUR,466.78
SO-10996,2026-08-24 09:38,cancelled,EUR,149.29
SO-10240,2026-08-24 10:12,paid,EUR,459.75
SO-10082,2026-08-24 12:43,paid,EUR,347.16
SO-10045,2026-08-24 13:14,paid,EUR,118.51
SO-10411,2026-08-24 13:14,paid,EUR,464.96
SO-10190,2026-08-24 13:16,paid,EUR,129.20
SO-10889,2026-08-24 13:30,paid,EUR,463.51
SO-10703,2026-08-24 13:41,paid,EUR,51.14
SO-10553,2026-08-24 14:12,paid,EUR,128.22
SO-10878,2026-08-24 14:31,paid,EUR,267.36
SO-10015,2026-08-24 14:40,cancelled,EUR,273.48
SO-10583,2026-08-24 14:52,paid,EUR,248.99
SO-10452,2026-08-24 15:38,paid,EUR,403.85
SO-11145,2026-08-24 15:51,cancelled,EUR,30.50
SO-10914,2026-08-24 16:55,paid,EUR,92.25
SO-11121,2026-08-24 16:57,paid,EUR,332.89
SO-10519,2026-08-24 17:46,paid,EUR,400.28
SO-10295,2026-08-24 18:22,cancelled,EUR,326.62
SO-10261,2026-08-24 19:21,paid,EUR,265.86
SO-10382,2026-08-24 20:15,cancelled,EUR,378.87
SO-10115,2026-08-24 21:22,paid,EUR,304.62
SO-10549,2026-08-24 21:32,paid,EUR,114.18
SO-11042,2026-08-24 23:03,cancelled,EUR,436.35
SO-10490,2026-08-24 23:06,paid,EUR,452.69
SO-11067,2026-08-24 23:07,cancelled,EUR,100.20
SO-10224,2026-08-25 03:53,paid,EUR,401.05
SO-11161,2026-08-25 03:54,paid,EUR,390.45
SO-10130,2026-08-25 04:04,paid,EUR,92.21
SO-10454,2026-08-25 04:23,paid,EUR,278.79
SO-10176,2026-08-25 05:14,paid,EUR,143.89
SO-10855,2026-08-25 05:19,refunded,EUR,349.35
SO-10647,2026-08-25 06:27,paid,EUR,234.81
SO-10846,2026-08-25 06:30,paid,EUR,22.82
SO-10405,2026-08-25 06:46,refunded,EUR,269.85
SO-10114,2026-08-25 06:50,paid,EUR,309.58
SO-10389,2026-08-25 08:05,refunded,EUR,238.37
SO-10223,2026-08-25 08:08,paid,EUR,354.84
SO-10570,2026-08-25 10:05,paid,EUR,478.97
SO-10964,2026-08-25 10:17,paid,EUR,172.22
SO-10362,2026-08-25 10:26,paid,EUR,392.65
SO-10079,2026-08-25 10:50,paid,EUR,258.94
SO-10894,2026-08-25 11:10,cancelled,EUR,458.76
SO-10466,2026-08-25 11:17,paid,EUR,111.89
SO-11193,2026-08-25 12:26,paid,EUR,167.35
SO-10265,2026-08-25 12:48,paid,EUR,184.96
SO-10850,2026-08-25 15:09,paid,EUR,31.25
SO-10463,2026-08-25 15:59,paid,EUR,103.90
SO-10243,2026-08-25 16:27,cancelled,EUR,262.47
SO-10203,2026-08-25 16:31,paid,EUR,162.33
SO-11166,2026-08-25 17:28,paid,EUR,87.44
SO-10639,2026-08-25 17:57,paid,EUR,414.96
SO-11097,2026-08-25 20:39,refunded,EUR,470.56
SO-10234,2026-08-25 20:47,paid,EUR,464.43
SO-10062,2026-08-25 21:47,paid,EUR,408.43
SO-10621,2026-08-25 21:49,paid,EUR,66.11
SO-11103,2026-08-25 22:09,paid,EUR,176.21
SO-10707,2026-08-25 22:15,paid,EUR,211.96
SO-10391,2026-08-25 22:29,paid,EUR,250.10
SO-10666,2026-08-25 22:32,paid,EUR,357.51
SO-11024,2026-08-25 22:39,paid,EUR,301.17
SO-10399,2026-08-25 23:58,cancelled,EUR,32.82
SO-10478,2026-08-26 00:52,refunded,EUR,383.45
SO-10185,2026-08-26 02:06,paid,EUR,330.55
SO-10097,2026-08-26 02:58,paid,EUR,425.89
SO-11012,2026-08-26 03:36,paid,EUR,200.39
SO-10818,2026-08-26 04:05,paid,EUR,127.97
SO-10445,2026-08-26 06:42,paid,EUR,83.64
SO-11183,2026-08-26 06:46,paid,EUR,81.26
SO-10667,2026-08-26 07:51,refunded,EUR,467.72
SO-10479,2026-08-26 07:58,paid,EUR,420.74
SO-10180,2026-08-26 08:59,cancelled,EUR,181.85
SO-10743,2026-08-26 09:11,paid,EUR,414.01
SO-10164,2026-08-26 09:22,paid,EUR,177.30
SO-10951,2026-08-26 10:05,refunded,EUR,15.28
SO-10376,2026-08-26 10:29,paid,EUR,71.72
SO-10954,2026-08-26 10:47,paid,EUR,313.85
SO-10038,2026-08-26 11:28,paid,EUR,63.37
SO-10985,2026-08-26 12:39,paid,EUR,342.50
SO-10516,2026-08-26 13:00,paid,EUR,284.51
SO-11115,2026-08-26 13:04,paid,EUR,21.14
SO-10270,2026-08-26 13:27,paid,EUR,446.68
SO-10807,2026-08-26 13:39,paid,EUR,20.57
SO-10470,2026-08-26 13:40,paid,EUR,112.59
SO-10090,2026-08-26 13:42,refunded,EUR,367.18
SO-10262,2026-08-26 13:45,refunded,EUR,419.14
SO-10086,2026-08-26 15:10,paid,EUR,321.01
SO-10849,2026-08-26 15:59,paid,EUR,89.48
SO-10685,2026-08-26 17:14,paid,EUR,151.96
SO-10322,2026-08-26 17:28,paid,EUR,359.17
SO-11184,2026-08-26 17:40,paid,EUR,401.14
SO-10561,2026-08-26 17:59,paid,EUR,351.29
SO-10386,2026-08-26 18:00,refunded,EUR,85.60
SO-10547,2026-08-26 18:20,paid,EUR,323.23
SO-10978,2026-08-26 18:21,paid,EUR,209.99
SO-10007,2026-08-26 19:59,cancelled,EUR,171.15
SO-10494,2026-08-26 20:39,paid,EUR,245.19
SO-10542,2026-08-26 20:45,paid,EUR,233.23
SO-10928,2026-08-26 22:03,paid,EUR,42.56
SO-10918,2026-08-27 00:00,refunded,EUR,33.79
SO-10761,2026-08-27 00:09,refunded,EUR,162.16
SO-10042,2026-08-27 00:27,paid,EUR,241.56
SO-10021,2026-08-27 00:34,paid,EUR,144.70
SO-10314,2026-08-27 01:39,cancelled,EUR,95.52
SO-10050,2026-08-27 02:46,paid,EUR,168.90
SO-10618,2026-08-27 03:20,refunded,EUR,33.29
SO-10656,2026-08-27 05:04,refunded,EUR,177.60
SO-10883,2026-08-27 05:41,paid,EUR,136.56
SO-10317,2026-08-27 06:17,paid,EUR,474.05
SO-10808,2026-08-27 06:20,paid,EUR,115.12
SO-10235,2026-08-27 07:20,paid,EUR,299.58
SO-10462,2026-08-27 07:26,cancelled,EUR,427.35
SO-11153,2026-08-27 08:46,paid,EUR,316.75
SO-11071,2026-08-27 09:41,paid,EUR,319.78
SO-10329,2026-08-27 10:16,paid,EUR,381.95
SO-10841,2026-08-27 11:01,paid,EUR,191.21
SO-10357,2026-08-27 12:18,paid,EUR,173.34
SO-10590,2026-08-27 12:46,paid,EUR,127.22
SO-10728,2026-08-27 13:06,paid,EUR,343.41
SO-10309,2026-08-27 13:21,paid,EUR,190.03
SO-11094,2026-08-27 13:22,paid,EUR,43.25
SO-10973,2026-08-27 14:36,paid,EUR,406.25
SO-10139,2026-08-27 14:46,paid,EUR,86.43
SO-10911,2026-08-27 15:31,paid,EUR,319.76
SO-11112,2026-08-27 16:18,cancelled,EUR,404.77
SO-11013,2026-08-27 16:19,paid,EUR,153.24
SO-10546,2026-08-27 17:53,paid,EUR,130.86
SO-10619,2026-08-27 20:20,paid,EUR,278.31
SO-10795,2026-08-27 21:13,cancelled,EUR,53.64
SO-10170,2026-08-27 21:27,paid,EUR,410.22
SO-10359,2026-08-27 21:30,paid,EUR,365.18
SO-10057,2026-08-27 23:21,refunded,EUR,117.47
SO-10025,2026-08-28 00:23,paid,EUR,273.51
SO-10615,2026-08-28 01:48,paid,EUR,46.23
SO-10396,2026-08-28 03:53,refunded,EUR,403.34
SO-10214,2026-08-28 03:58,cancelled,EUR,394.98
SO-10475,2026-08-28 05:39,cancelled,EUR,201.97
SO-10773,2026-08-28 06:07,refunded,EUR,39.68
SO-10658,2026-08-28 07:06,cancelled,EUR,389.43
SO-11120,2026-08-28 07:27,refunded,EUR,32.37
SO-10777,2026-08-28 07:32,paid,EUR,244.40
SO-10236,2026-08-28 07:34,paid,EUR,263.56
SO-10064,2026-08-28 07:58,paid,EUR,321.05
SO-10023,2026-08-28 08:56,cancelled,EUR,39.95
SO-10273,2026-08-28 09:10,paid,EUR,193.92
SO-10708,2026-08-28 09:40,refunded,EUR,395.89
SO-10192,2026-08-28 10:08,paid,EUR,163.23
SO-10207,2026-08-28 10:13,paid,EUR,391.73
SO-10419,2026-08-28 11:12,paid,EUR,60.25
SO-10630,2026-08-28 11:16,paid,EUR,296.10
SO-10686,2026-08-28 11:19,refunded,EUR,445.37
SO-10797,2026-08-28 11:40,refunded,EUR,381.43
SO-10503,2026-08-28 11:57,paid,EUR,422.66
SO-10495,2026-08-28 13:23,paid,EUR,201.78
SO-10933,2026-08-28 13:42,paid,EUR,17.13
SO-10594,2026-08-28 13:49,paid,EUR,221.53
SO-10976,2026-08-28 16:45,paid,EUR,117.74
SO-10771,2026-08-28 17:57,paid,EUR,28.90
SO-10117,2026-08-28 18:09,paid,EUR,287.24
SO-11138,2026-08-28 18:15,paid,EUR,335.97
SO-11168,2026-08-28 19:44,cancelled,EUR,178.59
SO-10485,2026-08-28 20:33,paid,EUR,189.74
SO-10652,2026-08-28 22:02,paid,EUR,125.81
SO-10690,2026-08-28 22:20,paid,EUR,79.73
SO-11041,2026-08-28 22:43,cancelled,EUR,146.49
SO-11070,2026-08-28 22:51,paid,EUR,45.49
SO-10802,2026-08-28 22:55,paid,EUR,291.33
SO-10953,2026-08-28 23:03,paid,EUR,194.86
SO-10696,2026-08-29 01:45,paid,EUR,251.38
SO-10736,2026-08-29 02:01,cancelled,EUR,402.54
SO-10608,2026-08-29 02:08,paid,EUR,393.41
SO-10103,2026-08-29 04:38,paid,EUR,58.45
SO-10628,2026-08-29 06:22,paid,EUR,191.52
SO-10118,2026-08-29 06:32,paid,EUR,308.79
SO-11143,2026-08-29 06:37,paid,EUR,446.53
SO-10159,2026-08-29 06:54,cancelled,EUR,14.77
SO-10152,2026-08-29 07:08,cancelled,EUR,114.33
SO-11091,2026-08-29 08:16,paid,EUR,304.74
SO-11179,2026-08-29 08:31,paid,EUR,362.56
SO-10189,2026-08-29 09:25,paid,EUR,192.01
SO-10477,2026-08-29 09:54,paid,EUR,298.14
SO-11182,2026-08-29 10:07,paid,EUR,29.14
SO-10211,2026-08-29 10:35,paid,EUR,265.17
SO-10853,2026-08-29 11:07,paid,EUR,269.11
SO-10987,2026-08-29 12:03,paid,EUR,383.04
SO-11007,2026-08-29 12:19,paid,EUR,336.57
SO-10283,2026-08-29 12:45,paid,EUR,71.89
SO-10456,2026-08-29 13:12,paid,EUR,88.23
SO-10601,2026-08-29 13:42,paid,EUR,357.26
SO-10204,2026-08-29 14:49,cancelled,EUR,52.74
SO-11084,2026-08-29 15:08,paid,EUR,259.64
SO-11050,2026-08-29 15:32,cancelled,EUR,164.20
SO-11105,2026-08-29 16:19,paid,EUR,58.67
SO-10156,2026-08-29 19:07,paid,EUR,107.95
SO-10934,2026-08-29 20:12,paid,EUR,337.22
SO-10337,2026-08-29 20:21,cancelled,EUR,43.74
SO-10446,2026-08-29 21:17,paid,EUR,462.98
SO-10467,2026-08-29 21:18,paid,EUR,279.58
SO-10341,2026-08-29 21:25,paid,EUR,201.79
SO-10308,2026-08-29 21:41,refunded,EUR,29.90
SO-10541,2026-08-29 21:53,paid,EUR,399.84
SO-10835,2026-08-29 22:06,paid,EUR,272.99
SO-10158,2026-08-29 23:44,paid,EUR,371.08
SO-10919,2026-08-30 00:27,paid,EUR,400.46
SO-10451,2026-08-30 01:11,paid,EUR,447.18
SO-10632,2026-08-30 02:58,paid,EUR,131.45
SO-10515,2026-08-30 03:42,paid,EUR,244.46
SO-10902,2026-08-30 04:35,paid,EUR,198.77
SO-11004,2026-08-30 04:41,paid,EUR,451.16
SO-11057,2026-08-30 08:27,paid,EUR,357.35
SO-10588,2026-08-30 08:32,paid,EUR,182.86
SO-10580,2026-08-30 08:40,cancelled,EUR,87.59
SO-10673,2026-08-30 09:43,paid,EUR,155.47
SO-10171,2026-08-30 10:45,paid,EUR,47.49
SO-10960,2026-08-30 10:51,paid,EUR,385.03
SO-10921,2026-08-30 13:10,paid,EUR,381.41
SO-10153,2026-08-30 13:39,paid,EUR,330.72
SO-10331,2026-08-30 13:52,paid,EUR,373.23
SO-10990,2026-08-30 14:05,paid,EUR,194.73
SO-10687,2026-08-30 14:07,paid,EUR,451.73
SO-11058,2026-08-30 15:00,cancelled,EUR,265.59
SO-10966,2026-08-30 15:34,paid,EUR,77.37
SO-10003,2026-08-30 15:36,paid,EUR,413.63
SO-10132,2026-08-30 15:52,paid,EUR,229.12
SO-10642,2026-08-30 15:53,paid,EUR,192.01
SO-10457,2026-08-30 17:09,paid,EUR,161.86
SO-10497,2026-08-30 17:35,paid,EUR,296.45
SO-11197,2026-08-30 18:31,paid,EUR,331.45
SO-10352,2026-08-30 19:03,paid,EUR,49.94
SO-10392,2026-08-30 19:03,paid,EUR,66.15
SO-10415,2026-08-30 19:54,paid,EUR,278.95
SO-10323,2026-08-30 19:56,paid,EUR,44.87
SO-10733,2026-08-30 20:20,refunded,EUR,218.34
SO-10624,2026-08-30 21:00,paid,EUR,149.50
SO-10328,2026-08-30 21:21,paid,EUR,462.29
SO-10961,2026-08-30 21:23,paid,EUR,37.19
SO-10774,2026-08-30 21:27,paid,EUR,376.11
SO-11160,2026-08-30 22:05,paid,EUR,55.58
SO-10749,2026-08-30 23:39,paid,EUR,305.55
SO-11137,2026-08-31 01:42,paid,EUR,450.52
SO-10644,2026-08-31 02:43,paid,EUR,472.64
SO-11134,2026-08-31 04:27,paid,EUR,251.16
SO-10526,2026-08-31 05:07,paid,EUR,77.95
SO-10369,2026-08-31 06:56,paid,EUR,243.33
SO-10676,2026-08-31 07:14,cancelled,EUR,330.57
SO-10312,2026-08-31 07:18,paid,EUR,178.82
SO-10005,2026-08-31 07:37,refunded,EUR,51.05
SO-10131,2026-08-31 08:22,refunded,EUR,123.23
SO-10945,2026-08-31 08:32,paid,EUR,253.39
SO-10408,2026-08-31 08:47,paid,EUR,388.93
SO-10112,2026-08-31 09:18,cancelled,EUR,223.60
SO-10950,2026-08-31 10:04,cancelled,EUR,355.74
SO-10671,2026-08-31 10:13,paid,EUR,67.83
SO-10622,2026-08-31 10:59,cancelled,EUR,185.57
SO-10788,2026-08-31 11:11,refunded,EUR,316.90
SO-10876,2026-08-31 11:25,paid,EUR,137.29
SO-10216,2026-08-31 12:00,paid,EUR,150.73
SO-10481,2026-08-31 12:04,paid,EUR,451.67
SO-10810,2026-08-31 12:05,cancelled,EUR,316.97
SO-11081,2026-08-31 12:22,paid,EUR,33.34
SO-11139,2026-08-31 13:12,paid,EUR,274.27
SO-11018,2026-08-31 13:15,refunded,EUR,132.94
SO-10267,2026-08-31 13:45,paid,EUR,282.43
SO-11085,2026-08-31 15:02,paid,EUR,166.55
SO-11099,2026-08-31 15:03,refunded,EUR,131.48
SO-10278,2026-08-31 16:03,paid,EUR,299.01
SO-10268,2026-08-31 17:00,paid,EUR,158.15
SO-10661,2026-08-31 17:02,paid,EUR,154.62
SO-10857,2026-08-31 17:17,paid,EUR,165.13
SO-10410,2026-08-31 17:34,paid,EUR,120.30
SO-11146,2026-08-31 18:13,paid,EUR,444.36
SO-11043,2026-08-31 18:34,refunded,EUR,210.16
SO-11163,2026-08-31 19:45,refunded,EUR,402.29
SO-10181,2026-08-31 19:54,paid,EUR,37.74
SO-10768,2026-08-31 21:39,paid,EUR,465.28
SO-10271,2026-08-31 22:16,paid,EUR,153.68
SO-10532,2026-08-31 22:32,paid,EUR,222.85
SO-11149,2026-08-31 23:48,paid,EUR,240.97
SO-10577,2026-09-01 00:25,paid,EUR,72.69
SO-10024,2026-09-01 00:29,paid,EUR,389.21
SO-10637,2026-09-01 01:02,paid,EUR,269.10
SO-10745,2026-09-01 01:30,refunded,EUR,40.69
SO-11083,2026-09-01 01:35,paid,EUR,156.48
SO-10765,2026-09-01 02:01,paid,EUR,79.90
SO-10995,2026-09-01 02:03,paid,EUR,338.93
SO-10610,2026-09-01 02:19,cancelled,EUR,243.91
SO-10530,2026-09-01 02:34,paid,EUR,284.16
SO-10239,2026-09-01 03:24,paid,EUR,57.15
SO-10700,2026-09-01 04:13,cancelled,EUR,361.94
SO-10177,2026-09-01 04:17,paid,EUR,140.58
SO-10778,2026-09-01 04:36,paid,EUR,122.63
SO-10791,2026-09-01 05:02,cancelled,EUR,321.06
SO-10119,2026-09-01 05:38,paid,EUR,221.81
SO-10014,2026-09-01 05:45,paid,EUR,222.82
SO-10155,2026-09-01 05:45,refunded,EUR,379.83
SO-10488,2026-09-01 06:21,paid,EUR,96.20
SO-10527,2026-09-01 07:26,paid,EUR,82.44
SO-10289,2026-09-01 07:47,paid,EUR,281.88
SO-10493,2026-09-01 07:48,refunded,EUR,455.85
SO-10518,2026-09-01 08:34,paid,EUR,476.56
SO-10113,2026-09-01 08:40,paid,EUR,405.85
