payment_id,order_id,paid_at,currency,amount,fee
PY-700001,SO-10947,2026-08-01 09:11,EUR,326.41,4.82
PY-700002,SO-10377,2026-08-01 10:34,EUR,391.34,5.73
PY-700003,SO-10401,2026-08-01 10:56,EUR,375.96,5.51
PY-700004,SO-10882,2026-08-01 11:05,EUR,271.53,4.05
PY-700005,SO-10511,2026-08-01 12:43,EUR,217.74,3.30
PY-700006,SO-10188,2026-08-01 13:26,EUR,219.29,3.32
PY-700007,SO-10126,2026-08-01 14:11,EUR,478.16,6.94
PY-700008,SO-10183,2026-08-01 14:12,EUR,469.96,6.83
PY-700010,SO-10874,2026-08-01 16:19,EUR,139.22,2.20
PY-700009,SO-10692,2026-08-01 16:33,EUR,320.26,4.73
PY-700011,SO-10629,2026-08-01 16:56,EUR,428.50,6.25
PY-700012,SO-10755,2026-08-01 16:57,EUR,65.58,1.17
PY-700014,SO-10554,2026-08-01 18:05,EUR,404.77,5.92
PY-700015,SO-11086,2026-08-01 18:15,EUR,266.70,3.98
PY-700013,SO-10458,2026-08-01 18:26,EUR,81.89,1.40
PY-700016,SO-10787,2026-08-01 18:49,EUR,201.79,3.08
PY-700017,SO-10999,2026-08-01 19:41,EUR,133.70,2.12
PY-700019,SO-10427,2026-08-01 19:46,EUR,252.46,3.78
PY-700018,SO-10101,2026-08-01 20:04,EUR,325.45,4.81
PY-700020,SO-10721,2026-08-01 20:27,EUR,399.36,5.84
PY-700021,SO-10051,2026-08-01 20:44,EUR,349.37,5.14
PY-700022,SO-11194,2026-08-01 21:45,EUR,127.44,2.03
PY-700023,SO-10349,2026-08-01 21:50,EUR,415.24,6.06
PY-700024,SO-10579,2026-08-02 00:27,EUR,321.88,4.76
PY-700026,SO-10627,2026-08-02 01:02,EUR,22.22,0.56
PY-700025,SO-10465,2026-08-02 01:20,EUR,97.78,1.62
PY-700027,SO-10453,2026-08-02 01:25,EUR,466.73,6.78
PY-700028,SO-10650,2026-08-02 02:45,EUR,362.22,5.32
PY-700029,SO-10939,2026-08-02 04:25,EUR,380.13,5.57
PY-700030,SO-10067,2026-08-02 06:32,EUR,333.23,4.92
PY-700031,SO-11055,2026-08-02 06:48,EUR,163.70,2.54
PY-700032,SO-10141,2026-08-02 06:54,EUR,17.10,0.49
PY-700033,SO-10926,2026-08-02 07:17,EUR,458.85,6.67
PY-700034,SO-10087,2026-08-02 08:16,EUR,117.78,1.90
PY-700035,SO-10754,2026-08-02 08:45,EUR,175.02,2.70
PY-700036,SO-10296,2026-08-02 09:43,EUR,80.68,1.38
PY-700037,SO-11130,2026-08-02 10:08,EUR,273.65,4.08
PY-700038,SO-11157,2026-08-02 11:01,EUR,419.91,6.13
PY-700039,SO-10828,2026-08-02 11:50,EUR,412.61,6.03
PY-700040,SO-10383,2026-08-02 12:14,EUR,161.08,2.51
PY-700041,SO-11176,2026-08-02 13:18,EUR,303.14,4.49
PY-700042,SO-10821,2026-08-02 13:18,EUR,342.16,5.04
PY-700043,SO-11076,2026-08-02 13:27,EUR,280.01,4.17
PY-700044,SO-10199,2026-08-02 14:32,EUR,386.35,5.66
PY-700045,SO-10154,2026-08-02 14:41,EUR,223.07,3.37
PY-700046,SO-10266,2026-08-02 14:47,EUR,430.51,6.28
PY-700047,SO-10416,2026-08-02 15:19,EUR,377.10,5.53
PY-700048,SO-10237,2026-08-02 17:46,EUR,436.95,6.37
PY-700049,SO-11021,2026-08-02 19:04,EUR,77.97,1.34
PY-700050,SO-10779,2026-08-02 20:32,EUR,145.58,2.29
PY-700051,SO-10036,2026-08-02 21:09,EUR,342.67,5.05
PY-700052,SO-10796,2026-08-02 23:07,EUR,151.80,2.38
PY-700053,SO-10654,2026-08-02 23:19,EUR,442.45,6.44
PY-700054,SO-11150,2026-08-03 00:21,EUR,193.07,2.95
PY-700055,SO-10370,2026-08-03 00:31,EUR,71.27,1.25
PY-700056,SO-10282,2026-08-03 01:29,EUR,293.32,4.36
PY-700057,SO-11102,2026-08-03 02:50,EUR,303.15,4.49
PY-700058,SO-10567,2026-08-03 04:24,EUR,361.47,5.31
PY-700059,SO-10659,2026-08-03 04:30,EUR,276.69,4.12
PY-700060,SO-10884,2026-08-03 05:38,EUR,207.26,3.15
PY-700061,SO-10026,2026-08-03 07:23,EUR,346.79,5.11
PY-700062,SO-10073,2026-08-03 08:02,EUR,393.22,5.76
PY-700063,SO-10739,2026-08-03 09:40,EUR,383.71,5.62
PY-700064,SO-10735,2026-08-03 10:24,EUR,51.44,0.97
PY-700065,SO-10484,2026-08-03 14:25,EUR,342.99,5.05
PY-700066,SO-10949,2026-08-03 14:33,EUR,462.44,6.72
PY-700067,SO-10197,2026-08-03 14:51,EUR,353.52,5.20
PY-700069,SO-10406,2026-08-03 17:42,EUR,424.05,6.19
PY-700068,SO-10161,2026-08-03 17:44,EUR,213.63,3.24
PY-700070,SO-11002,2026-08-03 18:13,EUR,199.99,3.05
PY-700071,SO-10443,2026-08-03 18:25,EUR,154.09,2.41
PY-700072,SO-10174,2026-08-03 18:36,EUR,340.07,5.01
PY-700075,SO-11019,2026-08-03 20:45,EUR,63.94,1.15
PY-700073,SO-11090,2026-08-03 20:49,EUR,191.89,2.94
PY-700074,SO-10817,2026-08-03 21:09,EUR,186.53,2.86
PY-700076,SO-10589,2026-08-03 21:54,EUR,288.44,4.29
PY-700078,SO-10361,2026-08-03 22:09,EUR,456.54,6.64
PY-700077,SO-10094,2026-08-03 22:15,EUR,390.30,5.71
PY-700079,SO-10339,2026-08-03 22:20,EUR,162.90,2.53
PY-700080,SO-10078,2026-08-03 22:42,EUR,351.78,5.17
PY-700081,SO-10623,2026-08-03 22:55,EUR,58.73,1.07
PY-700082,SO-10886,2026-08-03 23:00,EUR,427.04,6.23
PY-700083,SO-11001,2026-08-04 03:14,EUR,170.87,2.64
PY-700084,SO-10238,2026-08-04 03:45,EUR,373.50,5.48
PY-700085,SO-10697,2026-08-04 04:56,EUR,202.10,3.08
PY-700086,SO-10702,2026-08-04 05:51,EUR,287.97,4.28
PY-700087,SO-11062,2026-08-04 06:01,EUR,177.48,2.73
PY-700088,SO-10299,2026-08-04 06:42,EUR,427.39,6.23
PY-700089,SO-10315,2026-08-04 07:11,EUR,195.21,2.98
PY-700090,SO-10473,2026-08-04 07:30,EUR,265.71,3.97
PY-700091,SO-10213,2026-08-04 08:01,EUR,395.40,5.79
PY-700093,SO-11192,2026-08-04 12:55,EUR,102.72,1.69
PY-700092,SO-10033,2026-08-04 13:03,EUR,333.84,4.92
PY-700094,SO-10904,2026-08-04 14:57,EUR,450.73,6.56
PY-700095,SO-10128,2026-08-04 15:26,EUR,91.62,1.53
PY-700096,SO-11017,2026-08-04 16:04,EUR,255.45,3.83
PY-700097,SO-10752,2026-08-04 16:31,EUR,400.32,5.85
PY-700098,SO-11053,2026-08-04 17:29,EUR,296.75,4.40
PY-700100,SO-11106,2026-08-04 17:32,EUR,441.89,6.44
PY-700099,SO-10720,2026-08-04 17:49,EUR,307.35,4.55
PY-700102,SO-10098,2026-08-04 17:56,EUR,75.43,1.31
PY-700101,SO-10182,2026-08-04 18:05,EUR,182.83,2.81
PY-700103,SO-10548,2026-08-04 18:18,EUR,188.34,2.89
PY-700105,SO-11072,2026-08-04 18:22,EUR,22.50,0.57
PY-700104,SO-10027,2026-08-04 18:34,EUR,67.80,1.20
PY-700106,SO-10423,2026-08-04 18:41,EUR,121.85,1.96
PY-700108,SO-11047,2026-08-04 19:04,EUR,19.40,0.52
PY-700107,SO-10980,2026-08-04 19:21,EUR,419.40,6.12
PY-700109,SO-10609,2026-08-04 20:15,EUR,203.08,3.09
PY-700110,SO-10255,2026-08-04 20:16,EUR,182.59,2.81
PY-700111,SO-10829,2026-08-04 22:25,EUR,221.52,3.35
PY-700112,SO-10343,2026-08-04 23:16,EUR,369.80,5.43
PY-700113,SO-10397,2026-08-05 00:17,EUR,296.16,4.40
PY-700114,SO-10111,2026-08-05 01:56,EUR,464.46,6.75
PY-700115,SO-10253,2026-08-05 02:30,EUR,236.25,3.56
PY-700116,SO-10142,2026-08-05 05:12,EUR,24.91,0.60
PY-700117,SO-10537,2026-08-05 05:48,EUR,204.72,3.12
PY-700118,SO-10491,2026-08-05 06:10,EUR,75.82,1.31
PY-700119,SO-10698,2026-08-05 08:22,EUR,459.44,6.68
PY-700120,SO-10145,2026-08-05 08:41,EUR,392.21,5.74
PY-700121,SO-10816,2026-08-05 09:07,EUR,64.47,1.15
PY-700122,SO-10285,2026-08-05 11:06,EUR,331.04,4.88
PY-700123,SO-10459,2026-08-05 11:37,EUR,410.84,6.00
PY-700124,SO-10742,2026-08-05 12:46,EUR,80.19,1.37
PY-700125,SO-10105,2026-08-05 14:25,EUR,252.91,3.79
PY-700126,SO-10125,2026-08-05 14:28,EUR,75.00,1.30
PY-700127,SO-10834,2026-08-05 14:30,EUR,216.95,3.29
PY-700128,SO-10892,2026-08-05 14:36,EUR,142.74,2.25
PY-700130,SO-10917,2026-08-05 15:21,EUR,223.39,3.38
PY-700129,SO-11164,2026-08-05 15:36,EUR,126.47,2.02
PY-700131,SO-10184,2026-08-05 16:13,EUR,282.03,4.20
PY-700132,SO-11098,2026-08-05 16:31,EUR,123.95,1.99
PY-700133,SO-10731,2026-08-05 16:55,EUR,229.09,3.46
PY-700134,SO-10558,2026-08-05 17:21,EUR,166.72,2.58
PY-700135,SO-10782,2026-08-05 21:32,EUR,207.78,3.16
PY-700136,SO-10556,2026-08-05 22:43,EUR,255.75,3.83
PY-700138,SO-10133,2026-08-05 23:16,EUR,364.93,5.36
PY-700137,SO-11156,2026-08-05 23:17,EUR,130.96,2.08
PY-700139,SO-11129,2026-08-05 23:42,EUR,173.18,2.67
PY-700140,SO-10674,2026-08-06 00:54,EUR,108.51,1.77
PY-700141,SO-11123,2026-08-06 01:04,EUR,113.87,1.84
PY-700142,SO-10593,2026-08-06 05:58,EUR,273.44,4.08
PY-700143,SO-11048,2026-08-06 06:24,EUR,124.94,2.00
PY-700144,SO-10193,2026-08-06 06:50,EUR,345.60,5.09
PY-700145,SO-10264,2026-08-06 07:33,EUR,407.54,5.96
PY-700146,SO-10011,2026-08-06 08:36,EUR,249.62,3.74
PY-700148,SO-10469,2026-08-06 09:23,EUR,183.16,2.81
PY-700147,SO-10284,2026-08-06 09:32,EUR,414.60,6.05
PY-700149,SO-10578,2026-08-06 09:46,EUR,376.47,5.52
PY-700150,SO-10962,2026-08-06 11:11,EUR,197.21,3.01
PY-700151,SO-10263,2026-08-06 11:43,EUR,426.53,6.22
PY-700153,SO-10394,2026-08-06 12:24,EUR,110.45,1.80
PY-700155,SO-10124,2026-08-06 13:55,EUR,36.93,0.77
PY-700154,SO-11191,2026-08-06 13:59,EUR,189.70,2.91
PY-700157,SO-10741,2026-08-06 14:22,EUR,189.18,2.90
PY-700156,SO-10982,2026-08-06 14:30,EUR,341.89,5.04
PY-700159,SO-10839,2026-08-06 15:00,EUR,71.81,1.26
PY-700158,SO-11059,2026-08-06 15:10,EUR,81.32,1.39
PY-700160,SO-10880,2026-08-06 15:44,EUR,381.94,5.60
PY-700161,SO-10776,2026-08-06 17:31,EUR,314.90,4.66
PY-700162,SO-10753,2026-08-06 18:55,EUR,159.26,2.48
PY-700163,SO-10538,2026-08-06 20:43,EUR,157.60,2.46
PY-700164,SO-11180,2026-08-06 20:50,EUR,437.61,6.38
PY-700165,SO-10705,2026-08-06 21:37,EUR,265.29,3.96
PY-700166,SO-10586,2026-08-06 21:49,EUR,46.42,0.90
PY-700167,SO-10727,2026-08-07 01:11,EUR,37.48,0.77
PY-700168,SO-10381,2026-08-07 01:17,EUR,146.22,2.30
PY-700169,SO-10227,2026-08-07 02:13,EUR,196.18,3.00
PY-700171,SO-10812,2026-08-07 02:55,EUR,208.41,3.17
PY-700170,SO-10292,2026-08-07 02:56,EUR,230.23,3.47
PY-700172,SO-10209,2026-08-07 03:25,EUR,209.52,3.18
PY-700173,SO-10643,2026-08-07 04:36,EUR,167.20,2.59
PY-700174,SO-10605,2026-08-07 04:43,EUR,418.78,6.11
PY-700175,SO-11113,2026-08-07 04:43,EUR,187.16,2.87
PY-700176,SO-10587,2026-08-07 05:18,EUR,182.68,2.81
PY-700177,SO-10257,2026-08-07 05:50,EUR,61.34,1.11
PY-700178,SO-10293,2026-08-07 06:03,EUR,71.35,1.25
PY-700179,SO-10089,2026-08-07 06:14,EUR,106.33,1.74
PY-700180,SO-10916,2026-08-07 07:40,EUR,201.39,3.07
PY-700181,SO-10169,2026-08-07 08:36,EUR,380.51,5.58
PY-700182,SO-10831,2026-08-07 08:40,EUR,169.95,2.63
PY-700183,SO-11132,2026-08-07 09:02,EUR,349.47,5.14
PY-700184,SO-10353,2026-08-07 09:43,EUR,374.58,5.49
PY-700185,SO-11111,2026-08-07 10:23,EUR,183.10,2.81
PY-700186,SO-10052,2026-08-07 12:51,EUR,155.44,2.43
PY-700187,SO-11131,2026-08-07 13:41,EUR,314.38,4.65
PY-700188,SO-10123,2026-08-07 14:38,EUR,311.03,4.60
PY-700189,SO-10770,2026-08-07 15:29,EUR,134.24,2.13
PY-700190,SO-11189,2026-08-07 16:49,EUR,147.71,2.32
PY-700191,SO-10221,2026-08-07 17:08,EUR,234.12,3.53
PY-700192,SO-10272,2026-08-07 17:31,EUR,92.16,1.54
PY-700194,SO-10501,2026-08-07 19:12,EUR,155.16,2.42
PY-700193,SO-10820,2026-08-07 19:27,EUR,78.26,1.35
PY-700195,SO-10375,2026-08-07 19:53,EUR,102.88,1.69
PY-700196,SO-10056,2026-08-07 20:24,EUR,251.01,3.76
PY-700197,SO-10611,2026-08-07 20:28,EUR,296.85,4.41
PY-700198,SO-11026,2026-08-07 20:50,EUR,91.09,1.53
PY-700199,SO-10076,2026-08-07 20:58,EUR,271.25,4.05
PY-700200,SO-10598,2026-08-07 21:21,EUR,49.88,0.95
PY-700201,SO-10877,2026-08-07 21:58,EUR,42.24,0.84
PY-700202,SO-10241,2026-08-07 23:05,EUR,35.55,0.75
PY-700203,SO-11008,2026-08-07 23:50,EUR,62.60,1.13
PY-700204,SO-10958,2026-08-08 02:16,EUR,323.84,4.78
PY-700205,SO-10157,2026-08-08 02:30,EUR,254.90,3.82
PY-701036,SO-10157,2026-08-08 02:30,EUR,254.90,3.82
PY-700206,SO-10436,2026-08-08 02:43,EUR,264.52,3.95
PY-700207,SO-10294,2026-08-08 02:44,EUR,415.59,6.07
PY-700208,SO-11144,2026-08-08 03:55,EUR,189.94,2.91
PY-700210,SO-10920,2026-08-08 06:35,EUR,397.16,5.99
PY-700209,SO-10151,2026-08-08 06:41,EUR,87.01,1.47
PY-700211,SO-10907,2026-08-08 08:25,EUR,165.42,2.57
PY-700212,SO-10550,2026-08-08 09:49,EUR,121.21,1.95
PY-700213,SO-10646,2026-08-08 10:32,EUR,42.49,0.84
PY-700215,SO-10430,2026-08-08 11:01,EUR,69.71,1.23
PY-700214,SO-10614,2026-08-08 11:16,EUR,328.66,4.85
PY-700216,SO-10426,2026-08-08 11:49,EUR,23.47,0.58
PY-700217,SO-10837,2026-08-08 13:16,EUR,342.49,5.04
PY-700218,SO-10552,2026-08-08 13:58,EUR,21.67,0.55
PY-700219,SO-10747,2026-08-08 14:30,EUR,345.25,5.08
PY-700221,SO-10726,2026-08-08 14:40,EUR,169.13,2.62
PY-700220,SO-10435,2026-08-08 15:01,EUR,300.97,4.46
PY-700222,SO-10425,2026-08-08 15:27,EUR,421.90,6.16
PY-700223,SO-10641,2026-08-08 17:02,EUR,450.80,6.56
PY-700224,SO-10932,2026-08-08 17:15,EUR,92.70,1.55
PY-700226,SO-10172,2026-08-08 17:41,EUR,311.13,4.61
PY-700225,SO-10367,2026-08-08 17:43,EUR,142.37,2.24
PY-700227,SO-10775,2026-08-08 18:17,EUR,373.59,5.48
PY-700229,SO-11003,2026-08-08 18:37,EUR,310.93,4.60
PY-700228,SO-10513,2026-08-08 18:40,EUR,260.30,3.89
PY-700230,SO-11054,2026-08-08 18:41,EUR,317.75,4.70
PY-700231,SO-10225,2026-08-08 19:21,EUR,359.31,5.28
PY-700232,SO-10718,2026-08-08 20:12,EUR,167.61,2.60
PY-700233,SO-10683,2026-08-08 20:24,EUR,459.40,6.68
PY-700234,SO-10575,2026-08-08 20:42,EUR,69.39,1.22
PY-700236,SO-10448,2026-08-08 22:04,EUR,252.90,3.79
PY-700235,SO-10275,2026-08-08 22:22,EUR,328.39,4.85
PY-700237,SO-10634,2026-08-09 01:00,EUR,277.73,4.14
PY-700238,SO-10699,2026-08-09 01:02,EUR,164.41,2.55
PY-700239,SO-10304,2026-08-09 01:44,EUR,140.56,2.22
PY-700240,SO-10043,2026-08-09 03:10,EUR,56.17,1.04
PY-700241,SO-10963,2026-08-09 03:29,EUR,381.22,5.59
PY-700242,SO-10940,2026-08-09 04:16,EUR,356.56,5.24
PY-700243,SO-10046,2026-08-09 05:50,EUR,464.01,6.75
PY-700244,SO-10358,2026-08-09 07:05,EUR,471.50,6.85
PY-700245,SO-10824,2026-08-09 07:47,EUR,366.74,5.38
PY-700246,SO-10638,2026-08-09 08:58,EUR,282.69,4.21
PY-700247,SO-10523,2026-08-09 09:03,EUR,59.92,1.09
PY-700248,SO-10657,2026-08-09 09:41,EUR,14.31,0.45
PY-700249,SO-10952,2026-08-09 10:39,EUR,203.20,3.09
PY-700250,SO-10602,2026-08-09 11:11,EUR,63.66,1.14
PY-700251,SO-11039,2026-08-09 11:43,EUR,123.90,1.98
PY-700252,SO-11172,2026-08-09 11:52,EUR,120.92,1.94
PY-700253,SO-11033,2026-08-09 12:35,EUR,169.95,2.63
PY-700254,SO-10030,2026-08-09 14:36,EUR,366.00,5.37
PY-700255,SO-11006,2026-08-09 15:35,EUR,58.33,1.07
PY-700256,SO-10179,2026-08-09 16:56,EUR,324.85,4.80
PY-700257,SO-10948,2026-08-09 17:17,EUR,37.56,0.78
PY-700258,SO-10316,2026-08-09 17:21,EUR,447.05,6.51
PY-700259,SO-10925,2026-08-09 17:30,EUR,352.88,5.19
PY-700260,SO-10713,2026-08-09 19:27,EUR,374.61,5.49
PY-700261,SO-10595,2026-08-09 19:27,EUR,176.65,2.72
PY-700262,SO-10420,2026-08-09 21:34,EUR,108.83,1.77
PY-700263,SO-10344,2026-08-09 21:46,EUR,474.97,6.90
PY-701035,SO-10344,2026-08-09 21:46,EUR,474.97,6.90
PY-700264,SO-10744,2026-08-09 21:54,EUR,107.26,1.75
PY-700265,SO-10986,2026-08-09 22:19,EUR,146.46,2.30
PY-700267,SO-10393,2026-08-09 22:40,EUR,419.36,6.12
PY-700266,SO-10582,2026-08-09 22:59,EUR,78.42,1.35
PY-700268,SO-10008,2026-08-10 00:56,EUR,310.07,4.59
PY-700270,SO-10162,2026-08-10 01:36,EUR,56.56,1.04
PY-700269,SO-10318,2026-08-10 01:39,EUR,234.46,3.53
PY-700271,SO-10955,2026-08-10 01:55,EUR,185.17,2.84
PY-700272,SO-10784,2026-08-10 02:05,EUR,205.09,3.12
PY-700273,SO-10668,2026-08-10 03:04,EUR,299.31,4.44
PY-700274,SO-10983,2026-08-10 03:43,EUR,79.86,1.37
PY-700275,SO-11036,2026-08-10 05:53,EUR,179.13,2.76
PY-700276,SO-10869,2026-08-10 06:35,EUR,394.38,5.77
PY-700277,SO-10232,2026-08-10 07:34,EUR,101.11,1.67
PY-700278,SO-11046,2026-08-10 09:20,EUR,414.31,6.05
PY-700279,SO-10714,2026-08-10 09:53,EUR,467.29,6.79
PY-700281,SO-10276,2026-08-10 10:36,EUR,223.35,3.38
PY-700280,SO-11037,2026-08-10 10:48,EUR,302.84,4.49
PY-700282,SO-10077,2026-08-10 10:50,EUR,419.58,6.12
PY-700283,SO-10790,2026-08-10 11:49,EUR,218.18,3.30
PY-700284,SO-10997,2026-08-10 11:57,EUR,67.32,1.19
PY-700285,SO-10750,2026-08-10 12:30,EUR,154.63,2.41
PY-700286,SO-10483,2026-08-10 13:15,EUR,22.82,0.57
PY-700287,SO-10562,2026-08-10 13:31,EUR,54.33,1.01
PY-701037,SO-19000,2026-08-10 14:00,EUR,186.08,1.10
PY-700288,SO-10421,2026-08-10 14:29,EUR,87.86,1.48
PY-700289,SO-10324,2026-08-10 15:03,EUR,176.99,2.73
PY-700291,SO-11188,2026-08-10 15:05,EUR,280.09,4.17
PY-700290,SO-10168,2026-08-10 15:13,EUR,136.75,2.16
PY-700292,SO-10901,2026-08-10 15:52,EUR,193.45,2.96
PY-700293,SO-10924,2026-08-10 16:51,EUR,147.78,2.32
PY-700294,SO-10694,2026-08-10 18:08,EUR,253.67,3.80
PY-700297,SO-11045,2026-08-10 18:19,EUR,462.06,6.72
PY-700296,SO-10326,2026-08-10 18:29,EUR,286.97,4.27
PY-700298,SO-10088,2026-08-10 18:32,EUR,419.24,6.12
PY-700295,SO-10194,2026-08-10 18:33,EUR,353.01,5.19
PY-700299,SO-10439,2026-08-10 21:11,EUR,99.24,1.64
PY-700300,SO-10756,2026-08-10 21:48,EUR,44.29,0.87
PY-700302,SO-11127,2026-08-10 21:52,EUR,327.39,4.83
PY-700301,SO-10004,2026-08-10 22:09,EUR,38.37,0.79
PY-700303,SO-10498,2026-08-10 22:23,EUR,377.38,5.53
PY-700304,SO-11020,2026-08-10 22:40,EUR,315.34,4.66
PY-700305,SO-10031,2026-08-10 23:44,EUR,173.11,2.67
PY-700306,SO-10794,2026-08-11 01:01,EUR,393.81,5.76
PY-700307,SO-10633,2026-08-11 01:41,EUR,103.44,1.70
PY-700308,SO-10863,2026-08-11 03:09,EUR,471.10,6.85
PY-700309,SO-10431,2026-08-11 04:26,EUR,307.23,4.55
PY-700310,SO-10217,2026-08-11 04:47,EUR,430.81,6.28
PY-700311,SO-10599,2026-08-11 05:11,EUR,440.85,6.42
PY-700313,SO-10592,2026-08-11 05:26,EUR,28.07,0.64
PY-700312,SO-10785,2026-08-11 05:27,EUR,175.83,2.71
PY-700314,SO-10712,2026-08-11 05:48,EUR,194.57,2.97
PY-700316,SO-10604,2026-08-11 05:54,EUR,218.10,3.30
PY-700315,SO-10202,2026-08-11 06:13,EUR,200.35,3.05
PY-700317,SO-10366,2026-08-11 06:20,EUR,50.63,0.96
PY-700319,SO-10071,2026-08-11 06:23,EUR,202.52,3.09
PY-700318,SO-10047,2026-08-11 06:35,EUR,204.70,3.12
PY-700320,SO-11147,2026-08-11 07:18,EUR,201.56,3.07
PY-700321,SO-10351,2026-08-11 08:00,EUR,390.12,5.71
PY-700322,SO-10994,2026-08-11 09:13,EUR,49.99,0.95
PY-700323,SO-11009,2026-08-11 09:22,EUR,270.19,4.03
PY-700324,SO-10636,2026-08-11 09:35,EUR,226.44,3.42
PY-700325,SO-10910,2026-08-11 10:51,EUR,350.87,5.16
PY-700326,SO-10766,2026-08-11 11:05,EUR,363.33,5.34
PY-700327,SO-10083,2026-08-11 11:23,EUR,163.25,2.54
PY-700328,SO-10740,2026-08-11 11:28,EUR,272.62,4.07
PY-700329,SO-10974,2026-08-11 12:11,EUR,222.50,3.38
PY-700330,SO-11107,2026-08-11 12:39,EUR,157.96,2.46
PY-700331,SO-10246,2026-08-11 12:51,EUR,298.50,4.43
PY-700332,SO-10432,2026-08-11 14:11,EUR,254.24,3.81
PY-700333,SO-11032,2026-08-11 14:44,EUR,59.27,1.08
PY-700334,SO-10269,2026-08-11 16:58,EUR,94.98,1.58
PY-700335,SO-10041,2026-08-11 17:24,EUR,174.16,2.69
PY-700336,SO-10074,2026-08-11 19:02,EUR,35.61,0.75
PY-700337,SO-10242,2026-08-11 19:14,EUR,114.48,1.85
PY-700338,SO-11159,2026-08-11 19:20,EUR,59.71,1.09
PY-700339,SO-10413,2026-08-11 20:48,EUR,51.07,0.96
PY-700340,SO-10805,2026-08-11 21:21,EUR,338.24,4.99
PY-700341,SO-10678,2026-08-11 21:46,EUR,316.10,4.68
PY-700342,SO-10147,2026-08-11 23:38,EUR,214.22,3.25
PY-700343,SO-10729,2026-08-12 00:40,EUR,247.81,3.72
PY-700344,SO-10244,2026-08-12 01:18,EUR,153.52,2.40
PY-700345,SO-10049,2026-08-12 03:13,EUR,24.96,0.60
PY-700346,SO-10247,2026-08-12 04:05,EUR,298.44,4.43
PY-700348,SO-10461,2026-08-12 06:47,EUR,473.97,6.89
PY-700347,SO-10387,2026-08-12 07:06,EUR,372.42,5.46
PY-700349,SO-10135,2026-08-12 07:35,EUR,103.99,1.71
PY-700350,SO-10277,2026-08-12 08:15,EUR,304.47,4.51
PY-700352,SO-11114,2026-08-12 08:50,EUR,382.10,5.60
PY-700351,SO-11077,2026-08-12 08:55,EUR,365.66,5.37
PY-700353,SO-10881,2026-08-12 09:57,EUR,126.52,2.02
PY-700354,SO-10897,2026-08-12 10:00,EUR,76.21,1.32
PY-700355,SO-10280,2026-08-12 10:44,EUR,41.78,0.83
PY-700356,SO-11079,2026-08-12 10:56,EUR,478.96,6.96
PY-700357,SO-11125,2026-08-12 11:45,EUR,315.77,4.67
PY-700359,SO-10148,2026-08-12 13:44,EUR,378.37,5.55
PY-700358,SO-10002,2026-08-12 14:08,EUR,107.34,1.75
PY-700360,SO-10879,2026-08-12 14:49,EUR,338.62,4.99
PY-700361,SO-10310,2026-08-12 14:54,EUR,52.81,0.99
PY-700362,SO-10212,2026-08-12 16:09,EUR,285.94,4.25
PY-700363,SO-10626,2026-08-12 16:37,EUR,241.71,3.63
PY-700364,SO-10372,2026-08-12 16:58,EUR,440.20,6.41
PY-700365,SO-10826,2026-08-12 17:10,EUR,325.84,4.81
PY-700366,SO-10017,2026-08-12 19:55,EUR,300.93,4.46
PY-700367,SO-10178,2026-08-12 20:34,EUR,302.00,4.48
PY-700369,SO-11116,2026-08-12 21:18,EUR,431.77,6.29
PY-700368,SO-10651,2026-08-12 21:29,EUR,395.07,5.78
PY-700370,SO-10759,2026-08-12 21:58,EUR,187.45,2.87
PY-700371,SO-10912,2026-08-12 23:00,EUR,62.42,1.12
PY-700372,SO-10354,2026-08-12 23:47,EUR,184.91,2.84
PY-700373,SO-10868,2026-08-13 00:07,EUR,150.38,2.36
PY-700374,SO-10496,2026-08-13 00:34,EUR,293.75,4.36
PY-700375,SO-10540,2026-08-13 01:22,EUR,219.29,3.32
PY-700376,SO-10307,2026-08-13 01:44,EUR,431.58,6.29
PY-700378,SO-10395,2026-08-13 01:48,EUR,202.60,3.09
PY-700377,SO-10544,2026-08-13 01:50,EUR,180.28,2.77
PY-700379,SO-10534,2026-08-13 02:55,EUR,235.26,3.54
PY-700380,SO-10398,2026-08-13 04:08,EUR,226.95,3.43
PY-700381,SO-10338,2026-08-13 06:18,EUR,347.01,5.11
PY-700382,SO-10215,2026-08-13 06:52,EUR,115.58,1.87
PY-700383,SO-10860,2026-08-13 07:45,EUR,85.78,1.45
PY-700384,SO-10055,2026-08-13 09:46,EUR,299.81,4.45
PY-700385,SO-10571,2026-08-13 11:17,EUR,360.04,5.29
PY-700386,SO-10053,2026-08-13 12:16,EUR,235.91,3.55
PY-700387,SO-10110,2026-08-13 13:57,EUR,300.21,4.45
PY-700388,SO-10069,2026-08-13 14:48,EUR,220.53,3.34
PY-700389,SO-10081,2026-08-13 15:13,EUR,369.39,5.42
PY-700391,SO-11196,2026-08-13 15:42,EUR,183.39,2.82
PY-700390,SO-11162,2026-08-13 15:45,EUR,386.47,5.66
PY-700392,SO-10378,2026-08-13 16:19,EUR,326.86,4.83
PY-700393,SO-11095,2026-08-13 17:22,EUR,39.79,0.81
PY-700394,SO-10645,2026-08-13 17:30,EUR,188.95,2.90
PY-700396,SO-10737,2026-08-13 17:38,EUR,75.42,1.31
PY-700395,SO-10830,2026-08-13 17:47,EUR,188.31,2.89
PY-700397,SO-10028,2026-08-13 17:54,EUR,228.81,3.45
PY-700398,SO-10508,2026-08-13 18:55,EUR,328.52,4.85
PY-700399,SO-10675,2026-08-13 19:01,EUR,207.19,3.15
PY-700400,SO-10524,2026-08-13 19:13,EUR,454.34,6.61
PY-700401,SO-11177,2026-08-13 19:43,EUR,138.35,2.19
PY-700402,SO-10655,2026-08-13 21:26,EUR,68.14,1.20
PY-700403,SO-10471,2026-08-13 21:32,EUR,351.68,5.17
PY-700404,SO-10129,2026-08-13 21:42,EUR,162.53,2.53
PY-700405,SO-10555,2026-08-13 22:00,EUR,306.08,4.54
PY-700406,SO-10631,2026-08-13 23:15,EUR,143.70,2.26
PY-700407,SO-10603,2026-08-13 23:21,EUR,257.25,3.85
PY-700408,SO-11089,2026-08-13 23:55,EUR,338.34,4.99
PY-700409,SO-10600,2026-08-14 00:18,EUR,232.75,3.51
PY-700410,SO-10943,2026-08-14 00:37,EUR,399.42,5.84
PY-700411,SO-10525,2026-08-14 03:05,EUR,422.30,6.16
PY-700412,SO-11044,2026-08-14 03:12,EUR,82.43,1.40
PY-700413,SO-10259,2026-08-14 04:30,EUR,230.12,3.47
PY-700414,SO-10942,2026-08-14 05:33,EUR,347.62,5.12
PY-700415,SO-11025,2026-08-14 06:50,EUR,78.82,1.35
PY-700417,SO-10981,2026-08-14 07:42,EUR,424.14,6.19
PY-700416,SO-10210,2026-08-14 07:50,EUR,316.51,4.68
PY-700418,SO-10297,2026-08-14 08:05,EUR,183.14,2.81
PY-700419,SO-10514,2026-08-14 08:44,EUR,141.97,2.24
PY-700420,SO-10472,2026-08-14 09:02,EUR,169.47,2.62
PY-700421,SO-10865,2026-08-14 09:20,EUR,457.86,6.66
PY-700422,SO-10762,2026-08-14 09:20,EUR,133.59,2.12
PY-700423,SO-11122,2026-08-14 09:27,EUR,436.68,6.36
PY-700426,SO-10492,2026-08-14 11:13,EUR,346.53,5.10
PY-700424,SO-10895,2026-08-14 11:25,EUR,202.06,3.08
PY-700425,SO-11075,2026-08-14 11:29,EUR,351.87,5.18
PY-700427,SO-10136,2026-08-14 12:45,EUR,320.51,4.74
PY-700429,SO-10287,2026-08-14 14:03,EUR,459.99,6.69
PY-700428,SO-10649,2026-08-14 14:12,EUR,35.91,0.75
PY-700430,SO-10091,2026-08-14 14:54,EUR,454.85,6.62
PY-700431,SO-10306,2026-08-14 16:17,EUR,469.99,6.83
PY-700433,SO-10403,2026-08-14 17:00,EUR,141.56,2.23
PY-700432,SO-10734,2026-08-14 17:05,EUR,315.77,4.67
PY-700434,SO-10093,2026-08-14 17:37,EUR,328.57,4.85
PY-700435,SO-10228,2026-08-14 17:41,EUR,232.50,3.51
PY-700436,SO-11092,2026-08-14 19:07,EUR,128.88,2.05
PY-700437,SO-10764,2026-08-14 19:55,EUR,42.91,0.85
PY-700438,SO-10166,2026-08-14 21:12,EUR,66.51,1.18
PY-700439,SO-10106,2026-08-14 21:56,EUR,367.98,5.40
PY-700441,SO-10620,2026-08-14 23:05,EUR,88.79,1.49
PY-700440,SO-11023,2026-08-14 23:23,EUR,23.56,0.58
PY-700442,SO-10885,2026-08-15 00:13,EUR,40.87,0.82
PY-700443,SO-10226,2026-08-15 00:42,EUR,211.76,3.21
PY-700444,SO-10710,2026-08-15 01:38,EUR,442.65,6.45
PY-700445,SO-10384,2026-08-15 01:39,EUR,15.94,0.47
PY-700446,SO-11148,2026-08-15 02:26,EUR,349.42,5.14
PY-700447,SO-10512,2026-08-15 03:10,EUR,252.26,3.78
PY-700448,SO-10813,2026-08-15 04:12,EUR,115.83,1.87
PY-700449,SO-10165,2026-08-15 04:37,EUR,356.60,5.24
PY-700450,SO-10150,2026-08-15 07:03,EUR,209.95,3.19
PY-700451,SO-10422,2026-08-15 07:24,EUR,51.07,0.96
PY-700452,SO-10648,2026-08-15 07:34,EUR,175.50,2.71
PY-700453,SO-10679,2026-08-15 08:12,EUR,35.41,0.75
PY-700454,SO-10809,2026-08-15 08:39,EUR,388.03,5.68
PY-700455,SO-10096,2026-08-15 09:12,EUR,174.94,2.70
PY-700456,SO-10719,2026-08-15 10:24,EUR,233.45,3.52
PY-700457,SO-10356,2026-08-15 10:56,EUR,474.75,6.90
PY-700458,SO-10291,2026-08-15 11:28,EUR,446.20,6.50
PY-700460,SO-10757,2026-08-15 13:06,EUR,222.44,3.36
PY-700459,SO-10929,2026-08-15 13:18,EUR,335.72,4.95
PY-700461,SO-10404,2026-08-15 14:44,EUR,405.35,5.92
PY-700463,SO-10489,2026-08-15 15:19,EUR,20.17,0.53
PY-700462,SO-10991,2026-08-15 15:41,EUR,127.37,2.03
PY-700464,SO-10363,2026-08-15 15:45,EUR,134.68,2.14
PY-700465,SO-10793,2026-08-15 16:06,EUR,171.41,2.65
PY-700466,SO-10596,2026-08-15 16:33,EUR,49.19,0.94
PY-700467,SO-11034,2026-08-15 16:53,EUR,82.17,1.40
PY-700468,SO-10108,2026-08-15 17:05,EUR,324.18,4.79
PY-700469,SO-10565,2026-08-15 18:03,EUR,414.91,6.06
PY-700470,SO-11178,2026-08-15 18:44,EUR,75.99,1.31
PY-700471,SO-10191,2026-08-15 20:12,EUR,295.81,4.39
PY-700472,SO-10301,2026-08-15 21:05,EUR,302.22,4.48
PY-700473,SO-10701,2026-08-15 21:05,EUR,236.06,3.55
PY-700474,SO-10682,2026-08-15 21:11,EUR,402.85,5.89
PY-700475,SO-10231,2026-08-15 21:12,EUR,174.67,2.70
PY-700476,SO-11088,2026-08-15 21:33,EUR,138.71,2.19
PY-700477,SO-10563,2026-08-15 23:22,EUR,359.11,5.28
PY-700478,SO-10149,2026-08-16 00:11,EUR,365.94,5.37
PY-700479,SO-10838,2026-08-16 00:30,EUR,271.19,4.05
PY-700480,SO-10937,2026-08-16 00:50,EUR,212.75,3.23
PY-700481,SO-10254,2026-08-16 01:13,EUR,109.64,1.78
PY-700482,SO-10424,2026-08-16 01:22,EUR,101.66,1.67
PY-700483,SO-10767,2026-08-16 02:36,EUR,315.53,4.67
PY-700484,SO-10944,2026-08-16 03:13,EUR,397.04,5.81
PY-700485,SO-10313,2026-08-16 03:36,EUR,410.60,6.00
PY-700488,SO-10517,2026-08-16 04:14,EUR,224.65,3.40
PY-700487,SO-10084,2026-08-16 04:15,EUR,252.65,3.79
PY-700489,SO-10584,2026-08-16 04:56,EUR,414.91,6.06
PY-700490,SO-10245,2026-08-16 05:55,EUR,162.96,2.53
PY-700491,SO-11030,2026-08-16 06:07,EUR,406.25,5.94
PY-700492,SO-10936,2026-08-16 06:44,EUR,169.78,2.63
PY-700493,SO-11118,2026-08-16 07:44,EUR,74.90,1.30
PY-700494,SO-10799,2026-08-16 08:13,EUR,448.69,6.53
PY-700495,SO-10569,2026-08-16 08:53,EUR,258.27,3.87
PY-700496,SO-10520,2026-08-16 08:58,EUR,358.48,5.27
PY-700497,SO-10006,2026-08-16 09:26,EUR,26.55,0.62
PY-700498,SO-10969,2026-08-16 09:58,EUR,27.21,0.63
PY-700499,SO-10347,2026-08-16 12:03,EUR,96.01,1.59
PY-700500,SO-10909,2026-08-16 12:45,EUR,154.50,2.41
PY-700501,SO-10080,2026-08-16 12:52,EUR,268.30,4.01
PY-700502,SO-11167,2026-08-16 12:57,EUR,285.85,4.25
PY-700503,SO-11186,2026-08-16 13:14,EUR,336.14,4.96
PY-700504,SO-10160,2026-08-16 15:09,EUR,423.46,6.18
PY-700505,SO-11073,2026-08-16 16:30,EUR,102.29,1.68
PY-700507,SO-11011,2026-08-16 16:41,EUR,150.96,2.36
PY-700506,SO-10509,2026-08-16 16:54,EUR,471.25,6.85
PY-700508,SO-10806,2026-08-16 18:44,EUR,176.32,2.72
PY-700509,SO-10311,2026-08-16 20:14,EUR,140.27,2.21
PY-700510,SO-10504,2026-08-16 20:15,EUR,265.16,3.96
PY-700511,SO-10198,2026-08-16 20:25,EUR,464.71,6.76
PY-700512,SO-10500,2026-08-16 21:27,EUR,125.74,2.01
PY-700513,SO-10455,2026-08-16 22:44,EUR,279.34,4.16
PY-700514,SO-10992,2026-08-17 00:40,EUR,403.43,5.90
PY-700516,SO-10034,2026-08-17 00:41,EUR,83.70,1.42
PY-700515,SO-10388,2026-08-17 00:47,EUR,17.48,0.49
PY-700517,SO-10001,2026-08-17 02:46,EUR,185.25,2.84
PY-700518,SO-10092,2026-08-17 02:52,EUR,309.18,4.58
PY-700519,SO-10573,2026-08-17 04:23,EUR,395.07,5.78
PY-700520,SO-10507,2026-08-17 05:06,EUR,379.84,5.57
PY-700521,SO-10040,2026-08-17 05:51,EUR,251.42,3.77
PY-700522,SO-10121,2026-08-17 06:27,EUR,204.95,3.12
PY-700523,SO-10409,2026-08-17 06:38,EUR,252.23,3.78
PY-700524,SO-10290,2026-08-17 07:10,EUR,121.24,1.95
PY-700525,SO-10063,2026-08-17 07:42,EUR,47.36,0.91
PY-700526,SO-10842,2026-08-17 08:16,EUR,254.06,3.81
PY-700527,SO-10640,2026-08-17 08:54,EUR,265.01,3.96
PY-700528,SO-10617,2026-08-17 09:28,EUR,292.44,4.34
PY-700529,SO-10843,2026-08-17 10:05,EUR,104.16,1.71
PY-700530,SO-11155,2026-08-17 11:00,EUR,179.21,2.76
PY-700531,SO-10941,2026-08-17 11:01,EUR,461.12,6.71
PY-700533,SO-11124,2026-08-17 11:24,EUR,84.66,1.44
PY-700532,SO-11016,2026-08-17 11:26,EUR,215.53,3.27
PY-700534,SO-10887,2026-08-17 12:23,EUR,375.71,5.51
PY-700536,SO-10811,2026-08-17 12:43,EUR,362.63,5.33
PY-700535,SO-11119,2026-08-17 12:51,EUR,40.12,0.81
PY-700537,SO-10138,2026-08-17 12:56,EUR,299.44,4.44
PY-700539,SO-10789,2026-08-17 13:58,EUR,400.87,5.86
PY-701038,SO-19001,2026-08-17 14:01,EUR,31.27,1.10
PY-700538,SO-10591,2026-08-17 14:11,EUR,194.03,2.97
PY-700540,SO-10975,2026-08-17 14:39,EUR,70.09,1.23
PY-700541,SO-10724,2026-08-17 14:55,EUR,182.73,2.81
PY-700542,SO-11187,2026-08-17 15:13,EUR,274.68,4.10
PY-700543,SO-10931,2026-08-17 15:23,EUR,181.48,2.79
PY-700544,SO-10434,2026-08-17 16:27,EUR,358.07,5.26
PY-700545,SO-10029,2026-08-17 18:26,EUR,131.36,2.09
PY-700546,SO-10260,2026-08-17 19:07,EUR,179.68,2.77
PY-700547,SO-10368,2026-08-17 19:38,EUR,279.67,4.17
PY-700549,SO-11108,2026-08-17 21:21,EUR,365.30,5.36
PY-700548,SO-10444,2026-08-17 21:28,EUR,153.37,2.40
PY-700550,SO-10888,2026-08-17 22:29,EUR,117.36,1.89
PY-700551,SO-10998,2026-08-17 23:10,EUR,100.61,1.66
PY-700552,SO-10437,2026-08-18 01:17,EUR,412.16,6.02
PY-700553,SO-10670,2026-08-18 01:42,EUR,14.33,0.45
PY-700554,SO-10163,2026-08-18 01:47,EUR,342.87,5.05
PY-700555,SO-10449,2026-08-18 02:27,EUR,22.86,0.57
PY-700556,SO-10219,2026-08-18 02:29,EUR,385.96,5.65
PY-700557,SO-11190,2026-08-18 03:04,EUR,317.39,4.69
PY-700558,SO-10859,2026-08-18 03:11,EUR,94.64,1.57
PY-700559,SO-10923,2026-08-18 03:35,EUR,190.40,2.92
PY-700560,SO-10606,2026-08-18 03:45,EUR,103.43,1.70
PY-700562,SO-10845,2026-08-18 03:57,EUR,211.75,3.21
PY-700561,SO-10433,2026-08-18 04:08,EUR,468.15,6.80
PY-700564,SO-10804,2026-08-18 05:00,EUR,47.31,0.91
PY-700563,SO-10870,2026-08-18 05:01,EUR,405.95,5.93
PY-700566,SO-10977,2026-08-18 05:46,EUR,292.93,4.35
PY-700567,SO-10173,2026-08-18 05:56,EUR,476.07,6.91
PY-700565,SO-10355,2026-08-18 06:08,EUR,19.29,0.52
PY-700568,SO-10440,2026-08-18 07:01,EUR,98.66,1.63
PY-700569,SO-10070,2026-08-18 07:15,EUR,452.71,6.59
PY-700570,SO-10862,2026-08-18 08:45,EUR,150.36,2.36
PY-700571,SO-10342,2026-08-18 08:49,EUR,103.68,1.70
PY-700572,SO-10333,2026-08-18 09:11,EUR,248.13,3.72
PY-700573,SO-10915,2026-08-18 09:13,EUR,69.16,1.22
PY-700574,SO-10564,2026-08-18 09:31,EUR,263.68,3.94
PY-700575,SO-11065,2026-08-18 10:37,EUR,15.27,0.46
PY-700577,SO-10871,2026-08-18 10:44,EUR,72.54,1.27
PY-700576,SO-10972,2026-08-18 10:56,EUR,74.97,1.30
PY-700578,SO-10450,2026-08-18 11:32,EUR,369.07,5.42
PY-700579,SO-10935,2026-08-18 11:45,EUR,112.44,1.82
PY-700581,SO-10967,2026-08-18 12:12,EUR,152.59,2.39
PY-700580,SO-10616,2026-08-18 12:17,EUR,155.38,2.43
PY-700582,SO-10414,2026-08-18 12:31,EUR,260.62,3.90
PY-700583,SO-10303,2026-08-18 13:04,EUR,249.13,3.74
PY-700584,SO-11126,2026-08-18 13:34,EUR,173.88,2.68
PY-700585,SO-10625,2026-08-18 16:39,EUR,63.51,1.14
PY-700586,SO-10529,2026-08-18 16:44,EUR,87.03,1.47
PY-700587,SO-10346,2026-08-18 17:39,EUR,48.33,0.93
PY-700588,SO-10330,2026-08-18 17:52,EUR,97.31,1.61
PY-700589,SO-10319,2026-08-18 18:40,EUR,397.18,5.81
PY-700590,SO-10048,2026-08-18 18:55,EUR,162.88,2.53
PY-700591,SO-10854,2026-08-18 19:03,EUR,42.58,0.85
PY-700592,SO-10321,2026-08-18 19:24,EUR,44.64,0.87
PY-700593,SO-10288,2026-08-18 19:38,EUR,178.72,2.75
PY-700596,SO-10989,2026-08-18 20:07,EUR,450.08,6.55
PY-700595,SO-10506,2026-08-18 20:12,EUR,177.28,2.73
PY-700594,SO-10009,2026-08-18 20:18,EUR,276.37,4.12
PY-700597,SO-10681,2026-08-18 20:45,EUR,71.58,1.25
PY-700599,SO-10730,2026-08-18 21:00,EUR,441.78,6.43
PY-700600,SO-11100,2026-08-18 22:24,EUR,402.35,5.88
PY-700601,SO-10068,2026-08-18 22:52,EUR,370.87,5.44
PY-700602,SO-10429,2026-08-19 00:12,EUR,309.26,4.58
PY-700603,SO-10060,2026-08-19 01:05,EUR,86.45,1.46
PY-700604,SO-10072,2026-08-19 01:18,EUR,326.44,4.82
PY-700605,SO-10533,2026-08-19 01:44,EUR,148.37,2.33
PY-700606,SO-11069,2026-08-19 02:56,EUR,31.87,0.70
PY-700607,SO-10823,2026-08-19 03:15,EUR,186.05,2.85
PY-700608,SO-10205,2026-08-19 03:15,EUR,177.40,2.73
PY-700609,SO-10116,2026-08-19 04:59,EUR,13.51,0.44
PY-700610,SO-10441,2026-08-19 05:46,EUR,331.04,4.88
PY-700611,SO-11171,2026-08-19 06:09,EUR,153.14,2.39
PY-700612,SO-10836,2026-08-19 08:05,EUR,212.15,3.22
PY-700613,SO-11117,2026-08-19 08:27,EUR,296.47,4.40
PY-700614,SO-10946,2026-08-19 09:20,EUR,353.26,5.20
PY-700615,SO-10474,2026-08-19 09:38,EUR,441.65,6.43
PY-700616,SO-10970,2026-08-19 10:04,EUR,83.09,1.41
PY-700618,SO-10274,2026-08-19 10:11,EUR,274.86,4.10
PY-700617,SO-10539,2026-08-19 10:29,EUR,206.92,3.15
PY-700622,SO-11170,2026-08-19 13:00,EUR,457.63,6.66
PY-700619,SO-10400,2026-08-19 13:06,EUR,239.53,3.60
PY-700620,SO-10220,2026-08-19 13:13,EUR,79.96,1.37
PY-700621,SO-10502,2026-08-19 13:25,EUR,459.14,6.68
PY-700623,SO-11109,2026-08-19 14:14,EUR,129.24,2.06
PY-700624,SO-10543,2026-08-19 15:38,EUR,358.68,5.27
PY-700626,SO-11175,2026-08-19 15:41,EUR,221.43,3.35
PY-700625,SO-10872,2026-08-19 15:43,EUR,64.24,1.15
PY-700628,SO-10663,2026-08-19 16:41,EUR,296.39,4.40
PY-700627,SO-10672,2026-08-19 16:43,EUR,437.38,6.37
PY-700629,SO-10061,2026-08-19 16:45,EUR,376.83,5.53
PY-700630,SO-11136,2026-08-19 16:57,EUR,19.25,0.52
PY-700631,SO-10336,2026-08-19 17:39,EUR,452.83,6.59
PY-700632,SO-10660,2026-08-19 18:04,EUR,47.65,0.92
PY-700634,SO-10711,2026-08-19 19:02,EUR,374.26,5.49
PY-700633,SO-10320,2026-08-19 19:05,EUR,452.27,6.58
PY-700636,SO-11141,2026-08-19 20:17,EUR,309.30,4.58
PY-700635,SO-10018,2026-08-19 20:20,EUR,128.42,2.05
PY-700637,SO-10832,2026-08-19 21:16,EUR,166.45,2.58
PY-700639,SO-10340,2026-08-19 21:32,EUR,244.11,3.67
PY-700640,SO-10335,2026-08-19 21:56,EUR,450.18,6.55
PY-700638,SO-10873,2026-08-19 22:02,EUR,479.36,6.96
PY-700641,SO-10840,2026-08-19 22:46,EUR,187.65,2.88
PY-700642,SO-10822,2026-08-19 22:58,EUR,310.99,4.60
PY-700643,SO-11005,2026-08-19 23:25,EUR,149.41,2.34
PY-700644,SO-10428,2026-08-20 01:50,EUR,267.29,3.99
PY-700645,SO-11078,2026-08-20 02:16,EUR,203.99,3.11
PY-700646,SO-10664,2026-08-20 02:38,EUR,390.16,5.71
PY-700647,SO-10016,2026-08-20 03:26,EUR,297.91,4.42
PY-700648,SO-11096,2026-08-20 03:59,EUR,257.89,3.86
PY-700649,SO-10669,2026-08-20 05:05,EUR,85.92,1.45
PY-700650,SO-10723,2026-08-20 05:17,EUR,95.91,1.59
PY-700651,SO-10689,2026-08-20 06:04,EUR,150.11,2.35
PY-700653,SO-10760,2026-08-20 06:17,EUR,326.00,4.81
PY-700652,SO-10763,2026-08-20 06:18,EUR,196.86,3.01
PY-700654,SO-10102,2026-08-20 08:26,EUR,446.03,6.49
PY-700655,SO-10010,2026-08-20 08:44,EUR,355.80,5.23
PY-700656,SO-10143,2026-08-20 10:43,EUR,432.15,6.30
PY-700657,SO-11174,2026-08-20 11:10,EUR,322.36,4.76
PY-700658,SO-10898,2026-08-20 15:28,EUR,118.87,1.91
PY-700660,SO-10039,2026-08-20 20:46,EUR,52.69,0.99
PY-700661,SO-10612,2026-08-20 20:51,EUR,313.70,4.64
PY-700662,SO-10751,2026-08-20 21:37,EUR,398.81,5.83
PY-700663,SO-11093,2026-08-20 21:37,EUR,371.85,5.46
PY-700664,SO-10814,2026-08-20 22:24,EUR,393.59,5.76
PY-700665,SO-10827,2026-08-20 23:02,EUR,341.45,5.03
PY-700666,SO-10360,2026-08-20 23:26,EUR,293.22,4.36
PY-700667,SO-11165,2026-08-21 01:30,EUR,428.23,6.25
PY-700668,SO-10104,2026-08-21 03:02,EUR,333.16,5.09
PY-700669,SO-10085,2026-08-21 04:07,EUR,397.93,5.82
PY-700671,SO-11195,2026-08-21 04:48,EUR,410.65,6.00
PY-700670,SO-11051,2026-08-21 04:58,EUR,277.88,4.14
PY-700672,SO-10903,2026-08-21 05:38,EUR,286.65,4.26
PY-700673,SO-10825,2026-08-21 05:57,EUR,471.28,6.85
PY-700674,SO-10738,2026-08-21 06:16,EUR,188.78,2.89
PY-700675,SO-11140,2026-08-21 07:55,EUR,185.12,2.84
PY-700676,SO-10505,2026-08-21 08:44,EUR,131.15,2.09
PY-700677,SO-10856,2026-08-21 08:53,EUR,306.65,4.54
PY-700678,SO-10127,2026-08-21 09:22,EUR,416.42,6.08
PY-700679,SO-10020,2026-08-21 09:28,EUR,402.78,5.89
PY-700681,SO-10913,2026-08-21 09:43,EUR,386.60,5.66
PY-700680,SO-10833,2026-08-21 09:46,EUR,60.24,1.09
PY-700682,SO-10095,2026-08-21 11:34,EUR,167.74,2.60
PY-700683,SO-11154,2026-08-21 12:25,EUR,214.06,3.25
PY-700684,SO-10772,2026-08-21 12:49,EUR,158.06,2.46
PY-700685,SO-10480,2026-08-21 13:15,EUR,156.12,2.44
PY-700686,SO-11158,2026-08-21 13:19,EUR,396.88,5.81
PY-700687,SO-10844,2026-08-21 13:49,EUR,180.74,2.78
PY-700688,SO-10305,2026-08-21 15:00,EUR,426.23,6.22
PY-700689,SO-10447,2026-08-21 15:44,EUR,407.89,5.96
PY-700691,SO-11181,2026-08-21 16:15,EUR,409.13,5.98
PY-700690,SO-11110,2026-08-21 16:20,EUR,182.11,2.80
PY-700692,SO-10385,2026-08-21 18:51,EUR,299.32,4.44
PY-700693,SO-10581,2026-08-21 19:05,EUR,335.72,4.95
PY-700694,SO-10334,2026-08-21 20:18,EUR,328.80,4.85
PY-700695,SO-11173,2026-08-21 21:22,EUR,368.29,5.41
PY-700696,SO-10551,2026-08-21 22:03,EUR,38.85,0.79
PY-700697,SO-10251,2026-08-21 22:29,EUR,263.46,3.94
PY-700698,SO-10576,2026-08-21 22:52,EUR,238.20,3.58
PY-700699,SO-10195,2026-08-21 23:14,EUR,161.90,2.52
PY-700700,SO-10187,2026-08-21 23:31,EUR,36.12,0.76
PY-700701,SO-10066,2026-08-21 23:35,EUR,359.90,5.29
PY-700702,SO-10510,2026-08-21 23:52,EUR,363.24,5.34
PY-700703,SO-10379,2026-08-22 00:31,EUR,87.60,1.48
PY-700704,SO-10851,2026-08-22 01:36,EUR,176.41,2.72
PY-700706,SO-10875,2026-08-22 01:52,EUR,15.16,0.46
PY-700705,SO-10725,2026-08-22 01:58,EUR,399.35,5.84
PY-700707,SO-10693,2026-08-22 04:10,EUR,72.79,1.27
PY-700708,SO-10900,2026-08-22 04:40,EUR,346.83,5.11
PY-700710,SO-10545,2026-08-22 04:53,EUR,464.36,6.75
PY-700709,SO-10758,2026-08-22 04:58,EUR,463.63,6.74
PY-700711,SO-10858,2026-08-22 05:42,EUR,30.62,0.68
PY-700712,SO-10748,2026-08-22 06:09,EUR,143.69,2.26
PY-700713,SO-10866,2026-08-22 06:27,EUR,278.58,4.15
PY-700714,SO-10956,2026-08-22 07:06,EUR,306.41,4.54
PY-700715,SO-10613,2026-08-22 08:07,EUR,352.78,5.19
PY-700716,SO-10348,2026-08-22 08:25,EUR,182.26,2.80
PY-700717,SO-10908,2026-08-22 09:40,EUR,408.10,5.96
PY-700718,SO-10438,2026-08-22 09:55,EUR,404.59,5.91
PY-700720,SO-10786,2026-08-22 10:06,EUR,28.04,0.64
PY-700719,SO-10365,2026-08-22 10:11,EUR,32.41,0.70
PY-700721,SO-10607,2026-08-22 12:33,EUR,293.62,4.36
PY-700722,SO-10140,2026-08-22 13:20,EUR,200.29,3.05
PY-700723,SO-10374,2026-08-22 13:44,EUR,135.99,2.15
PY-700724,SO-10535,2026-08-22 13:53,EUR,171.25,2.65
PY-700725,SO-10803,2026-08-22 13:59,EUR,193.44,2.96
PY-700726,SO-10819,2026-08-22 15:15,EUR,223.16,3.37
PY-700727,SO-10325,2026-08-22 16:51,EUR,176.91,2.73
PY-700728,SO-10706,2026-08-22 17:00,EUR,33.22,0.72
PY-700729,SO-11199,2026-08-22 17:13,EUR,59.28,1.08
PY-700730,SO-10905,2026-08-22 17:34,EUR,423.41,6.18
PY-700731,SO-10499,2026-08-22 17:45,EUR,320.59,4.74
PY-700732,SO-10371,2026-08-22 17:49,EUR,269.11,4.02
PY-700733,SO-10722,2026-08-22 19:55,EUR,56.11,1.04
PY-700735,SO-10653,2026-08-22 21:45,EUR,315.47,4.67
PY-700734,SO-10684,2026-08-22 21:46,EUR,49.01,0.94
PY-700736,SO-11142,2026-08-22 23:48,EUR,66.92,1.19
PY-700737,SO-10680,2026-08-22 23:59,EUR,439.07,6.40
PY-700738,SO-10965,2026-08-23 00:38,EUR,478.52,6.95
PY-700739,SO-10486,2026-08-23 01:16,EUR,302.07,4.48
PY-700740,SO-10058,2026-08-23 03:00,EUR,316.69,4.68
PY-700741,SO-10144,2026-08-23 05:25,EUR,92.61,1.55
PY-700742,SO-10521,2026-08-23 05:53,EUR,205.74,3.13
PY-700743,SO-11152,2026-08-23 07:02,EUR,405.24,5.92
PY-700744,SO-11135,2026-08-23 07:10,EUR,461.63,6.71
PY-700745,SO-10402,2026-08-23 07:23,EUR,87.27,1.47
PY-700746,SO-11082,2026-08-23 07:45,EUR,15.46,0.47
PY-700747,SO-10704,2026-08-23 07:46,EUR,348.13,5.12
PY-700748,SO-10559,2026-08-23 09:16,EUR,176.01,2.71
PY-700749,SO-10890,2026-08-23 10:57,EUR,140.52,2.22
PY-700750,SO-10560,2026-08-23 12:03,EUR,243.93,3.67
PY-700751,SO-10075,2026-08-23 13:20,EUR,103.04,1.69
PY-700752,SO-10780,2026-08-23 13:56,EUR,262.92,3.93
PY-700753,SO-10120,2026-08-23 15:11,EUR,231.69,3.49
PY-700755,SO-10258,2026-08-23 15:17,EUR,466.09,6.78
PY-700754,SO-10229,2026-08-23 15:30,EUR,426.66,6.22
PY-700756,SO-11080,2026-08-23 15:55,EUR,309.34,4.58
PY-700757,SO-10635,2026-08-23 16:25,EUR,310.98,4.60
PY-700758,SO-10792,2026-08-23 17:53,EUR,285.93,4.25
PY-700759,SO-10054,2026-08-23 20:12,EUR,76.43,1.32
PY-700760,SO-10531,2026-08-23 20:33,EUR,383.99,5.63
PY-700761,SO-11052,2026-08-23 21:10,EUR,312.53,4.63
PY-700762,SO-10800,2026-08-23 21:13,EUR,273.39,4.08
PY-700763,SO-10298,2026-08-23 21:45,EUR,327.68,4.84
PY-700764,SO-10300,2026-08-23 22:03,EUR,467.74,6.80
PY-700765,SO-10781,2026-08-23 23:26,EUR,143.21,2.25
PY-700766,SO-10709,2026-08-24 04:41,EUR,220.33,3.33
PY-700767,SO-11040,2026-08-24 04:45,EUR,472.24,6.86
PY-700768,SO-10783,2026-08-24 06:05,EUR,48.88,0.93
PY-700769,SO-10122,2026-08-24 06:56,EUR,340.29,5.01
PY-700770,SO-10464,2026-08-24 08:25,EUR,148.62,2.33
PY-700771,SO-10568,2026-08-24 09:09,EUR,479.92,6.97
PY-700772,SO-10891,2026-08-24 09:27,EUR,466.78,6.78
PY-700773,SO-10240,2026-08-24 10:16,EUR,459.75,6.69
PY-700774,SO-10082,2026-08-24 13:02,EUR,347.16,5.11
PY-700777,SO-10190,2026-08-24 13:28,EUR,129.20,2.06
PY-700775,SO-10045,2026-08-24 13:32,EUR,118.51,1.91
PY-700778,SO-10889,2026-08-24 13:51,EUR,463.51,6.74
PY-700776,SO-10411,2026-08-24 13:54,EUR,464.96,6.76
PY-700779,SO-10703,2026-08-24 13:55,EUR,51.14,0.97
PY-701039,SO-19002,2026-08-24 14:02,EUR,161.82,1.10
PY-700780,SO-10553,2026-08-24 14:13,EUR,128.22,2.05
PY-700781,SO-10878,2026-08-24 14:40,EUR,267.36,3.99
PY-700782,SO-10583,2026-08-24 15:18,EUR,248.99,3.74
PY-700783,SO-10452,2026-08-24 15:52,EUR,403.85,5.90
PY-700784,SO-10914,2026-08-24 17:03,EUR,92.25,1.54
PY-700785,SO-11121,2026-08-24 17:08,EUR,332.89,4.91
PY-700786,SO-10519,2026-08-24 17:56,EUR,400.28,5.85
PY-700787,SO-10261,2026-08-24 19:56,EUR,265.86,3.97
PY-700788,SO-10115,2026-08-24 21:29,EUR,304.62,4.51
PY-700789,SO-10549,2026-08-24 22:10,EUR,114.18,1.85
PY-700790,SO-10490,2026-08-24 23:20,EUR,452.69,6.59
PY-700792,SO-11161,2026-08-25 04:09,EUR,390.45,5.72
PY-700791,SO-10224,2026-08-25 04:29,EUR,401.05,5.86
PY-700793,SO-10130,2026-08-25 04:33,EUR,92.21,1.54
PY-700794,SO-10454,2026-08-25 04:53,EUR,278.79,4.15
PY-700795,SO-10176,2026-08-25 05:34,EUR,143.89,2.26
PY-700796,SO-10855,2026-08-25 05:46,EUR,349.35,5.14
PY-700798,SO-10846,2026-08-25 06:43,EUR,22.82,0.57
PY-700800,SO-10114,2026-08-25 06:57,EUR,309.58,4.58
PY-700797,SO-10647,2026-08-25 06:58,EUR,234.81,3.54
PY-700799,SO-10405,2026-08-25 07:25,EUR,269.85,4.03
PY-700802,SO-10223,2026-08-25 08:30,EUR,354.84,5.22
PY-700801,SO-10389,2026-08-25 08:37,EUR,238.37,3.59
PY-700803,SO-10570,2026-08-25 10:14,EUR,478.97,6.96
PY-700804,SO-10964,2026-08-25 10:38,EUR,172.22,2.66
PY-700805,SO-10362,2026-08-25 10:59,EUR,392.65,5.75
PY-700806,SO-10079,2026-08-25 11:23,EUR,258.94,3.88
PY-700807,SO-10466,2026-08-25 11:34,EUR,111.89,1.82
PY-700808,SO-11193,2026-08-25 12:55,EUR,167.35,2.59
PY-700809,SO-10265,2026-08-25 12:58,EUR,184.96,2.84
PY-700810,SO-10850,2026-08-25 15:34,EUR,31.25,0.69
PY-700811,SO-10463,2026-08-25 16:19,EUR,103.90,1.70
PY-700812,SO-10203,2026-08-25 16:53,EUR,162.33,2.52
PY-700813,SO-11166,2026-08-25 17:54,EUR,87.44,1.47
PY-700814,SO-10639,2026-08-25 18:08,EUR,414.96,6.06
PY-700816,SO-10234,2026-08-25 20:50,EUR,464.43,6.75
PY-700815,SO-11097,2026-08-25 21:12,EUR,470.56,6.84
PY-700817,SO-10062,2026-08-25 22:09,EUR,408.43,5.97
PY-700818,SO-10621,2026-08-25 22:09,EUR,66.11,1.18
PY-700819,SO-11103,2026-08-25 22:20,EUR,176.21,2.72
PY-700820,SO-10707,2026-08-25 22:24,EUR,211.96,3.22
PY-700821,SO-10391,2026-08-25 22:59,EUR,250.10,3.75
PY-700823,SO-11024,2026-08-25 23:00,EUR,301.17,4.47
PY-700822,SO-10666,2026-08-25 23:05,EUR,357.51,5.26
PY-700824,SO-10478,2026-08-26 01:00,EUR,383.45,5.62
PY-700825,SO-10185,2026-08-26 02:35,EUR,330.55,4.88
PY-700826,SO-10097,2026-08-26 03:03,EUR,425.89,6.21
PY-700827,SO-11012,2026-08-26 03:59,EUR,200.39,3.06
PY-700828,SO-10818,2026-08-26 04:25,EUR,127.97,2.04
PY-700829,SO-10445,2026-08-26 07:05,EUR,83.64,1.42
PY-700830,SO-11183,2026-08-26 07:19,EUR,81.26,1.39
PY-700831,SO-10667,2026-08-26 08:22,EUR,467.72,6.80
PY-700832,SO-10479,2026-08-26 08:38,EUR,420.74,6.14
PY-700833,SO-10743,2026-08-26 09:31,EUR,414.01,6.05
PY-700834,SO-10164,2026-08-26 10:01,EUR,177.30,2.73
PY-700835,SO-10951,2026-08-26 10:10,EUR,15.28,0.46
PY-700836,SO-10376,2026-08-26 10:49,EUR,71.72,1.25
PY-700837,SO-10954,2026-08-26 11:13,EUR,313.85,4.64
PY-700838,SO-10038,2026-08-26 11:47,EUR,63.37,1.14
PY-700839,SO-10985,2026-08-26 13:13,EUR,342.50,5.05
PY-700840,SO-10516,2026-08-26 13:19,EUR,284.51,4.23
PY-700843,SO-10807,2026-08-26 13:42,EUR,20.57,0.54
PY-700841,SO-11115,2026-08-26 13:43,EUR,21.14,0.55
PY-700844,SO-10470,2026-08-26 13:47,EUR,112.59,1.83
PY-700845,SO-10090,2026-08-26 13:51,EUR,367.18,5.39
PY-700846,SO-10262,2026-08-26 13:57,EUR,419.14,6.12
PY-700842,SO-10270,2026-08-26 14:01,EUR,446.68,6.50
PY-700847,SO-10086,2026-08-26 15:42,USD,321.01,4.74
PY-700848,SO-10849,2026-08-26 16:25,EUR,89.48,1.50
PY-700849,SO-10685,2026-08-26 17:50,EUR,151.96,2.38
PY-700851,SO-11184,2026-08-26 17:53,EUR,401.14,5.87
PY-700850,SO-10322,2026-08-26 17:55,EUR,359.17,5.28
PY-700852,SO-10561,2026-08-26 18:25,EUR,351.29,5.17
PY-700854,SO-10547,2026-08-26 18:29,EUR,323.23,4.78
PY-700853,SO-10386,2026-08-26 18:39,EUR,85.60,1.45
PY-700855,SO-10978,2026-08-26 18:53,EUR,209.99,3.19
PY-700856,SO-10494,2026-08-26 21:05,EUR,245.19,3.68
PY-700857,SO-10542,2026-08-26 21:20,EUR,233.23,3.52
PY-700858,SO-10928,2026-08-26 22:20,EUR,42.56,0.85
PY-700860,SO-10761,2026-08-27 00:26,EUR,162.16,2.52
PY-700859,SO-10918,2026-08-27 00:39,EUR,33.79,0.72
PY-700862,SO-10021,2026-08-27 00:57,EUR,144.70,2.28
PY-700861,SO-10042,2026-08-27 01:07,EUR,241.56,3.63
PY-700863,SO-10050,2026-08-27 03:04,EUR,168.90,2.61
PY-700864,SO-10618,2026-08-27 03:35,EUR,33.29,0.72
PY-700865,SO-10656,2026-08-27 05:37,EUR,177.60,2.74
PY-700866,SO-10883,2026-08-27 05:55,EUR,136.56,2.16
PY-700868,SO-10808,2026-08-27 06:29,EUR,115.12,1.86
PY-700867,SO-10317,2026-08-27 06:56,EUR,474.05,6.89
PY-700869,SO-10235,2026-08-27 07:41,EUR,299.58,4.44
PY-700870,SO-11153,2026-08-27 09:01,EUR,316.75,4.68
PY-700871,SO-11071,2026-08-27 10:13,EUR,319.78,4.73
PY-700872,SO-10329,2026-08-27 10:23,EUR,381.95,5.60
PY-700873,SO-10841,2026-08-27 11:39,EUR,191.21,2.93
PY-700874,SO-10357,2026-08-27 12:29,EUR,173.34,2.68
PY-700876,SO-10728,2026-08-27 13:11,EUR,343.41,5.06
PY-700875,SO-10590,2026-08-27 13:13,EUR,127.22,2.03
PY-700878,SO-11094,2026-08-27 13:40,EUR,43.25,0.86
PY-700877,SO-10309,2026-08-27 13:49,EUR,190.03,2.91
PY-700880,SO-10139,2026-08-27 15:04,EUR,86.43,1.46
PY-700879,SO-10973,2026-08-27 15:09,EUR,406.25,5.94
PY-700881,SO-10911,2026-08-27 15:47,EUR,319.76,4.73
PY-700882,SO-11013,2026-08-27 16:58,EUR,153.24,2.40
PY-700883,SO-10546,2026-08-27 18:25,EUR,130.86,2.08
PY-700884,SO-10619,2026-08-27 20:50,EUR,278.31,4.15
PY-700886,SO-10359,2026-08-27 21:33,EUR,365.18,5.36
PY-700885,SO-10170,2026-08-27 21:34,EUR,410.22,5.99
PY-700887,SO-10057,2026-08-27 23:58,EUR,117.47,1.89
PY-700888,SO-10025,2026-08-28 00:50,EUR,273.51,4.08
PY-700889,SO-10615,2026-08-28 01:52,EUR,46.23,0.90
PY-700890,SO-10396,2026-08-28 03:54,EUR,403.34,5.90
PY-700891,SO-10773,2026-08-28 06:39,EUR,39.68,0.81
PY-700893,SO-10777,2026-08-28 07:43,EUR,244.40,3.67
PY-700892,SO-11120,2026-08-28 07:49,EUR,32.37,0.70
PY-700894,SO-10236,2026-08-28 08:00,EUR,263.56,3.94
PY-700895,SO-10064,2026-08-28 08:01,EUR,321.05,4.74
PY-700896,SO-10273,2026-08-28 09:44,EUR,193.92,2.96
PY-700897,SO-10708,2026-08-28 09:58,EUR,395.89,5.79
PY-700898,SO-10192,2026-08-28 10:27,EUR,163.23,2.54
PY-700899,SO-10207,2026-08-28 10:30,EUR,391.73,5.73
PY-700902,SO-10686,2026-08-28 11:39,EUR,445.37,6.49
PY-700900,SO-10419,2026-08-28 11:43,EUR,60.25,1.09
PY-700901,SO-10630,2026-08-28 11:45,EUR,296.10,4.40
PY-700903,SO-10797,2026-08-28 12:02,EUR,381.43,5.59
PY-700904,SO-10503,2026-08-28 12:02,EUR,422.66,6.17
PY-700905,SO-10495,2026-08-28 13:24,EUR,201.78,3.07
PY-700906,SO-10933,2026-08-28 13:53,EUR,17.13,0.49
PY-700907,SO-10594,2026-08-28 14:06,EUR,221.53,3.35
PY-700908,SO-10976,2026-08-28 17:11,EUR,117.74,1.90
PY-700909,SO-10771,2026-08-28 18:20,EUR,28.90,0.65
PY-700910,SO-10117,2026-08-28 18:32,EUR,287.24,4.27
PY-700911,SO-11138,2026-08-28 18:55,EUR,335.97,4.95
PY-700912,SO-10485,2026-08-28 21:07,EUR,189.74,2.91
PY-700913,SO-10652,2026-08-28 22:17,EUR,125.81,2.01
PY-700914,SO-10690,2026-08-28 22:23,EUR,76.38,1.37
PY-700915,SO-11070,2026-08-28 23:00,EUR,45.49,0.89
PY-700917,SO-10953,2026-08-28 23:11,EUR,194.86,2.98
PY-700916,SO-10802,2026-08-28 23:30,EUR,291.33,4.33
PY-700918,SO-10696,2026-08-29 02:00,EUR,251.38,3.77
PY-700919,SO-10608,2026-08-29 02:11,EUR,393.41,5.76
PY-700920,SO-10103,2026-08-29 04:41,EUR,58.45,1.07
PY-700922,SO-10118,2026-08-29 06:41,EUR,308.79,4.57
PY-700921,SO-10628,2026-08-29 06:55,EUR,191.52,2.93
PY-700923,SO-11143,2026-08-29 07:08,EUR,446.53,6.50
PY-700924,SO-11091,2026-08-29 08:21,EUR,304.74,4.52
PY-700925,SO-11179,2026-08-29 08:40,EUR,362.56,5.33
PY-700926,SO-10189,2026-08-29 10:05,EUR,192.01,2.94
PY-700928,SO-11182,2026-08-29 10:14,EUR,29.14,0.66
PY-700927,SO-10477,2026-08-29 10:29,EUR,298.14,4.42
PY-700929,SO-10211,2026-08-29 10:39,EUR,265.17,3.96
PY-700930,SO-10853,2026-08-29 11:11,EUR,269.11,4.02
PY-700931,SO-10987,2026-08-29 12:31,EUR,383.04,5.61
PY-700932,SO-11007,2026-08-29 12:56,EUR,336.57,4.96
PY-700933,SO-10283,2026-08-29 13:19,EUR,71.89,1.26
PY-700934,SO-10456,2026-08-29 13:30,EUR,88.23,1.49
PY-700935,SO-10601,2026-08-29 13:54,EUR,357.26,5.25
PY-700936,SO-11084,2026-08-29 15:24,EUR,259.64,3.88
PY-700937,SO-11105,2026-08-29 16:39,EUR,58.67,1.07
PY-700938,SO-10156,2026-08-29 19:47,EUR,107.95,1.76
PY-700939,SO-10934,2026-08-29 20:31,EUR,337.22,4.97
PY-700941,SO-10467,2026-08-29 21:44,EUR,279.58,4.16
PY-700940,SO-10446,2026-08-29 21:48,EUR,462.98,6.73
PY-700942,SO-10341,2026-08-29 21:53,EUR,201.79,3.08
PY-700943,SO-10308,2026-08-29 21:53,EUR,29.90,0.67
PY-700945,SO-10835,2026-08-29 22:10,EUR,272.99,4.07
PY-700944,SO-10541,2026-08-29 22:28,EUR,399.84,5.85
PY-700946,SO-10158,2026-08-30 00:00,EUR,371.08,5.45
PY-700947,SO-10919,2026-08-30 00:47,EUR,400.46,5.86
PY-700948,SO-10451,2026-08-30 01:33,EUR,447.18,6.51
PY-700949,SO-10632,2026-08-30 03:03,EUR,131.45,2.09
PY-700950,SO-10515,2026-08-30 04:06,EUR,244.46,3.67
PY-700952,SO-11004,2026-08-30 05:05,EUR,451.16,6.57
PY-700951,SO-10902,2026-08-30 05:11,EUR,198.77,3.03
PY-700954,SO-10588,2026-08-30 08:43,EUR,162.86,2.81
PY-700953,SO-11057,2026-08-30 08:52,EUR,357.35,5.25
PY-700955,SO-10673,2026-08-30 10:14,EUR,155.47,2.43
PY-700957,SO-10960,2026-08-30 10:54,EUR,385.03,5.64
PY-700956,SO-10171,2026-08-30 11:23,EUR,47.49,0.91
PY-700958,SO-10921,2026-08-30 13:20,EUR,381.41,5.59
PY-700959,SO-10153,2026-08-30 14:04,EUR,330.72,4.88
PY-700961,SO-10990,2026-08-30 14:17,EUR,194.73,2.98
PY-700960,SO-10331,2026-08-30 14:25,EUR,373.23,5.48
PY-700962,SO-10687,2026-08-30 14:37,EUR,451.73,6.57
PY-700965,SO-10132,2026-08-30 15:55,EUR,229.12,3.46
PY-700964,SO-10003,2026-08-30 16:00,EUR,413.63,6.04
PY-700963,SO-10966,2026-08-30 16:13,EUR,77.37,1.33
PY-700966,SO-10642,2026-08-30 16:33,EUR,192.01,2.94
PY-700968,SO-10497,2026-08-30 17:36,EUR,296.45,4.40
PY-700967,SO-10457,2026-08-30 17:43,EUR,161.86,2.52
PY-700969,SO-11197,2026-08-30 19:09,EUR,331.45,4.89
PY-700970,SO-10352,2026-08-30 19:33,EUR,49.94,0.95
PY-700971,SO-10392,2026-08-30 19:39,EUR,66.15,1.18
PY-700972,SO-10415,2026-08-30 20:18,EUR,278.95,4.16
PY-700973,SO-10323,2026-08-30 20:34,EUR,44.87,0.88
PY-700974,SO-10733,2026-08-30 20:55,EUR,218.34,3.31
PY-700975,SO-10624,2026-08-30 21:14,EUR,149.50,2.34
PY-700976,SO-10328,2026-08-30 21:23,EUR,462.29,6.72
PY-700977,SO-10961,2026-08-30 21:27,EUR,37.19,0.77
PY-700978,SO-10774,2026-08-30 21:31,EUR,376.11,5.52
PY-700979,SO-11160,2026-08-30 22:16,EUR,55.58,1.03
PY-700980,SO-10749,2026-08-31 00:04,EUR,305.55,4.53
PY-700981,SO-11137,2026-08-31 01:51,EUR,450.52,6.56
PY-700982,SO-10644,2026-08-31 03:17,EUR,472.64,6.87
PY-700983,SO-11134,2026-08-31 04:41,EUR,251.16,3.77
PY-700984,SO-10526,2026-08-31 05:11,EUR,77.95,1.34
PY-700985,SO-10369,2026-08-31 07:14,EUR,243.33,3.66
PY-700986,SO-10312,2026-08-31 07:56,EUR,178.82,2.75
PY-700987,SO-10005,2026-08-31 08:02,EUR,51.05,0.96
PY-700988,SO-10131,2026-08-31 08:23,EUR,123.23,1.98
PY-700989,SO-10945,2026-08-31 08:39,EUR,253.39,3.80
PY-700990,SO-10408,2026-08-31 09:22,EUR,388.93,5.70
PY-700991,SO-10671,2026-08-31 10:25,EUR,67.83,1.20
PY-700992,SO-10788,2026-08-31 11:22,EUR,316.90,4.69
PY-700993,SO-10876,2026-08-31 11:33,EUR,137.29,2.17
PY-700995,SO-10481,2026-08-31 12:17,EUR,451.67,6.57
PY-700996,SO-11081,2026-08-31 12:27,EUR,33.34,0.72
PY-700994,SO-10216,2026-08-31 12:33,EUR,150.73,2.36
PY-700997,SO-11139,2026-08-31 13:31,EUR,274.27,4.09
PY-700998,SO-11018,2026-08-31 13:39,EUR,132.94,2.11
PY-700999,SO-10267,2026-08-31 14:08,EUR,282.43,4.20
PY-701001,SO-11099,2026-08-31 15:04,EUR,131.48,2.09
PY-701000,SO-11085,2026-08-31 15:08,EUR,166.55,2.58
PY-701002,SO-10278,2026-08-31 16:16,EUR,299.01,4.44
PY-701004,SO-10661,2026-08-31 17:22,EUR,154.62,2.41
PY-701003,SO-10268,2026-08-31 17:26,EUR,158.15,2.46
PY-701006,SO-10410,2026-08-31 17:43,EUR,120.30,1.93
PY-701005,SO-10857,2026-08-31 17:46,EUR,165.13,2.56
PY-701007,SO-11146,2026-08-31 18:14,EUR,444.36,6.47
PY-701008,SO-11043,2026-08-31 19:01,EUR,210.16,3.19
PY-701009,SO-11163,2026-08-31 19:58,EUR,402.29,5.88
PY-701010,SO-10181,2026-08-31 20:27,EUR,37.74,0.78
PY-701011,SO-10768,2026-08-31 21:49,EUR,465.28,6.76
PY-701012,SO-10271,2026-08-31 22:33,EUR,153.68,2.40
PY-701013,SO-10532,2026-08-31 23:11,EUR,222.85,3.37
PY-701014,SO-11149,2026-09-01 00:09,EUR,240.97,3.62
PY-701015,SO-10577,2026-09-01 00:43,EUR,72.69,1.27
PY-701016,SO-10024,2026-09-01 01:01,EUR,389.21,5.70
PY-701017,SO-10637,2026-09-01 01:29,EUR,269.10,4.02
PY-701018,SO-10745,2026-09-01 01:49,EUR,40.69,0.82
PY-701019,SO-11083,2026-09-01 01:50,EUR,156.48,2.44
PY-701020,SO-10765,2026-09-01 02:09,EUR,79.90,1.37
PY-701021,SO-10995,2026-09-01 02:15,EUR,338.93,5.00
PY-701022,SO-10530,2026-09-01 02:56,EUR,284.16,4.23
PY-701023,SO-10239,2026-09-01 04:04,EUR,57.15,1.05
PY-701024,SO-10177,2026-09-01 04:41,EUR,140.58,2.22
PY-701025,SO-10778,2026-09-01 04:52,EUR,122.63,1.97
PY-701027,SO-10014,2026-09-01 06:05,EUR,222.82,3.37
PY-701028,SO-10155,2026-09-01 06:13,EUR,379.83,5.57
PY-701026,SO-10119,2026-09-01 06:17,EUR,221.81,3.36
PY-701029,SO-10488,2026-09-01 06:44,EUR,96.20,1.60
PY-701030,SO-10527,2026-09-01 07:48,EUR,82.44,1.40
PY-701032,SO-10493,2026-09-01 08:15,EUR,455.85,6.63
PY-701031,SO-10289,2026-09-01 08:17,EUR,281.88,4.20
PY-701034,SO-10113,2026-09-01 09:00,EUR,405.85,5.93
PY-701033,SO-10518,2026-09-01 09:10,EUR,476.56,6.92
