sku,asin,product,category,fba_fee_per_unit
KB-OAK-01,B0D1KX7Q21,"Oak cutting board, large",home,4.12
KB-OAK-02,B0D1KX9M44,"Oak cutting board, small",home,3.45
TM-CER-01,B0D2HM3P18,"Ceramic tea mug, 350 ml",home,3.21
TM-CER-06,B0D2HM5T90,"Ceramic tea mugs, set of 6",home,5.86
LN-TWL-02,B0D3QJ2K07,"Linen tea towels, pair",home,2.95
LN-APR-01,B0D3QJ8W33,Linen apron,home,3.28
CB-USB-01,B0D4VN1C52,"Braided USB-C cable, 2 m",electronics_accessories,2.71
CB-USB-03,B0D4VN6H19,"Braided USB-C cables, pack of 3",electronics_accessories,3.02
PW-CHG-65,B0D5RL4E81,65 W USB-C charger,electronics_accessories,3.64
PW-BNK-10,B0D5RL9Y26,"Power bank, 10,000 mAh",electronics_accessories,3.94
