Date,Description,Amount (EUR),Original amount,Original currency,Exchange rate
2025-01-20,"Nordlys Records advance, album Tidewater",15000.00,,,
2025-01-31,DISTROKID WITHDRAWAL 2025-01,963.30,1023.70,USD,0.9410
2025-02-28,DISTROKID WITHDRAWAL 2025-02,727.77,788.82,USD,0.9226
2025-03-31,DISTROKID WITHDRAWAL 2025-03,710.47,766.92,USD,0.9264
2025-04-30,DISTROKID WITHDRAWAL 2025-04,682.86,732.60,USD,0.9321
2025-05-30,DISTROKID WITHDRAWAL 2025-05,654.89,707.84,USD,0.9252
2025-06-30,DISTROKID WITHDRAWAL 2025-06,630.45,684.75,USD,0.9207
2025-07-31,DISTROKID WITHDRAWAL 2025-07,597.85,655.32,USD,0.9123
2025-08-29,DISTROKID WITHDRAWAL 2025-08,558.58,617.69,USD,0.9043
2025-09-30,DISTROKID WITHDRAWAL 2025-09,387.17,447.60,USD,0.8650
2025-10-31,DISTROKID WITHDRAWAL 2025-10,512.86,569.53,USD,0.9005
2025-11-28,DISTROKID WITHDRAWAL 2025-11,474.84,524.80,USD,0.9048
2025-12-31,DISTROKID WITHDRAWAL 2025-12,469.55,514.41,USD,0.9128
2026-01-30,DISTROKID WITHDRAWAL 2026-01,429.56,476.18,USD,0.9021
2026-02-27,DISTROKID WITHDRAWAL 2026-02,247.34,268.99,USD,0.9195
2026-03-31,DISTROKID WITHDRAWAL 2026-03,398.04,443.45,USD,0.8976
2026-04-30,DISTROKID WITHDRAWAL 2026-04,392.05,443.20,USD,0.8846
2026-05-29,DISTROKID WITHDRAWAL 2026-05,400.24,444.07,USD,0.9013
2026-06-30,DISTROKID WITHDRAWAL 2026-06,401.50,446.41,USD,0.8994
2026-08-14,Nordlys Records royalties 2026-Q2,666.29,,,
