date,eur_per_usd
2025-01-01,0.9619
2025-01-02,0.9604
2025-01-03,0.9615
2025-01-06,0.9601
2025-01-07,0.9553
2025-01-08,0.9528
2025-01-09,0.9536
2025-01-10,0.9534
2025-01-13,0.9556
2025-01-14,0.9552
2025-01-15,0.9552
2025-01-16,0.9569
2025-01-17,0.9547
2025-01-20,0.9546
2025-01-21,0.9513
2025-01-22,0.9529
2025-01-23,0.9528
2025-01-24,0.9508
2025-01-27,0.9496
2025-01-28,0.9497
2025-01-29,0.9454
2025-01-30,0.9480
2025-01-31,0.9486
2025-02-03,0.9467
2025-02-04,0.9460
2025-02-05,0.9477
2025-02-06,0.9464
2025-02-07,0.9419
2025-02-10,0.9446
2025-02-11,0.9478
2025-02-12,0.9473
2025-02-13,0.9469
2025-02-14,0.9456
2025-02-17,0.9453
2025-02-18,0.9459
2025-02-19,0.9420
2025-02-20,0.9360
2025-02-21,0.9351
2025-02-24,0.9328
2025-02-25,0.9311
2025-02-26,0.9348
2025-02-27,0.9344
2025-02-28,0.9300
2025-03-03,0.9335
2025-03-04,0.9358
2025-03-05,0.9413
2025-03-06,0.9377
2025-03-07,0.9335
2025-03-10,0.9306
2025-03-11,0.9267
2025-03-12,0.9289
2025-03-13,0.9273
2025-03-14,0.9346
2025-03-17,0.9364
2025-03-18,0.9373
2025-03-19,0.9440
2025-03-20,0.9471
2025-03-21,0.9476
2025-03-24,0.9455
2025-03-25,0.9448
2025-03-26,0.9432
2025-03-27,0.9439
2025-03-28,0.9375
2025-03-31,0.9339
2025-04-01,0.9383
2025-04-02,0.9355
2025-04-03,0.9348
2025-04-04,0.9348
2025-04-07,0.9327
2025-04-08,0.9377
2025-04-09,0.9358
2025-04-10,0.9409
2025-04-11,0.9424
2025-04-14,0.9410
2025-04-15,0.9333
2025-04-16,0.9314
2025-04-17,0.9280
2025-04-18,0.9301
2025-04-21,0.9336
2025-04-22,0.9333
2025-04-23,0.9300
2025-04-24,0.9314
2025-04-25,0.9323
2025-04-28,0.9339
2025-04-29,0.9341
2025-04-30,0.9396
2025-05-01,0.9388
2025-05-02,0.9411
2025-05-05,0.9445
2025-05-06,0.9438
2025-05-07,0.9424
2025-05-08,0.9433
2025-05-09,0.9383
2025-05-12,0.9407
2025-05-13,0.9427
2025-05-14,0.9456
2025-05-15,0.9417
2025-05-16,0.9366
2025-05-19,0.9344
2025-05-20,0.9380
2025-05-21,0.9406
2025-05-22,0.9387
2025-05-23,0.9429
2025-05-26,0.9416
2025-05-27,0.9405
2025-05-28,0.9373
2025-05-29,0.9342
2025-05-30,0.9327
2025-06-02,0.9355
2025-06-03,0.9364
2025-06-04,0.9365
2025-06-05,0.9383
2025-06-06,0.9404
2025-06-09,0.9331
2025-06-10,0.9315
2025-06-11,0.9271
2025-06-12,0.9259
2025-06-13,0.9226
2025-06-16,0.9245
2025-06-17,0.9291
2025-06-18,0.9324
2025-06-19,0.9296
2025-06-20,0.9357
2025-06-23,0.9362
2025-06-24,0.9370
2025-06-25,0.9370
2025-06-26,0.9378
2025-06-27,0.9345
2025-06-30,0.9281
2025-07-01,0.9269
2025-07-02,0.9275
2025-07-03,0.9272
2025-07-04,0.9229
2025-07-07,0.9246
2025-07-08,0.9310
2025-07-09,0.9308
2025-07-10,0.9317
2025-07-11,0.9317
2025-07-14,0.9308
2025-07-15,0.9297
2025-07-16,0.9269
2025-07-17,0.9285
2025-07-18,0.9341
2025-07-21,0.9338
2025-07-22,0.9352
2025-07-23,0.9335
2025-07-24,0.9345
2025-07-25,0.9275
2025-07-28,0.9227
2025-07-29,0.9238
2025-07-30,0.9179
2025-07-31,0.9197
2025-08-01,0.9205
2025-08-04,0.9180
2025-08-05,0.9219
2025-08-06,0.9211
2025-08-07,0.9213
2025-08-08,0.9205
2025-08-11,0.9160
2025-08-12,0.9188
2025-08-13,0.9220
2025-08-14,0.9188
2025-08-15,0.9184
2025-08-18,0.9236
2025-08-19,0.9258
2025-08-20,0.9225
2025-08-21,0.9218
2025-08-22,0.9177
2025-08-25,0.9138
2025-08-26,0.9117
2025-08-27,0.9132
2025-08-28,0.9097
2025-08-29,0.9116
2025-09-01,0.9147
2025-09-02,0.9158
2025-09-03,0.9164
2025-09-04,0.9162
2025-09-05,0.9180
2025-09-08,0.9217
2025-09-09,0.9184
2025-09-10,0.9188
2025-09-11,0.9160
2025-09-12,0.9129
2025-09-15,0.9070
2025-09-16,0.9045
2025-09-17,0.9000
2025-09-18,0.9031
2025-09-19,0.9031
2025-09-22,0.9003
2025-09-23,0.8998
2025-09-24,0.8984
2025-09-25,0.8967
2025-09-26,0.8955
2025-09-29,0.8962
2025-09-30,0.8954
2025-10-01,0.8950
2025-10-02,0.8975
2025-10-03,0.8917
2025-10-06,0.8911
2025-10-07,0.8931
2025-10-08,0.8936
2025-10-09,0.8911
2025-10-10,0.8885
2025-10-13,0.8856
2025-10-14,0.8862
2025-10-15,0.8877
2025-10-16,0.8879
2025-10-17,0.8882
2025-10-20,0.8943
2025-10-21,0.8966
2025-10-22,0.8980
2025-10-23,0.8959
2025-10-24,0.9020
2025-10-27,0.9037
2025-10-28,0.9080
2025-10-29,0.9080
2025-10-30,0.9080
2025-10-31,0.9078
2025-11-03,0.9104
2025-11-04,0.9091
2025-11-05,0.9100
2025-11-06,0.9156
2025-11-07,0.9173
2025-11-10,0.9173
2025-11-11,0.9197
2025-11-12,0.9202
2025-11-13,0.9199
2025-11-14,0.9175
2025-11-17,0.9121
2025-11-18,0.9068
2025-11-19,0.9068
2025-11-20,0.9110
2025-11-21,0.9056
2025-11-24,0.9086
2025-11-25,0.9103
2025-11-26,0.9119
2025-11-27,0.9103
2025-11-28,0.9121
2025-12-01,0.9126
2025-12-02,0.9168
2025-12-03,0.9137
2025-12-04,0.9198
2025-12-05,0.9189
2025-12-08,0.9177
2025-12-09,0.9157
2025-12-10,0.9144
2025-12-11,0.9166
2025-12-12,0.9199
2025-12-15,0.9213
2025-12-16,0.9214
2025-12-17,0.9221
2025-12-18,0.9234
2025-12-19,0.9258
2025-12-22,0.9253
2025-12-23,0.9279
2025-12-24,0.9229
2025-12-25,0.9236
2025-12-26,0.9225
2025-12-29,0.9176
2025-12-30,0.9210
2025-12-31,0.9202
2026-01-01,0.9235
2026-01-02,0.9245
2026-01-05,0.9233
2026-01-06,0.9207
2026-01-07,0.9209
2026-01-08,0.9228
2026-01-09,0.9222
2026-01-12,0.9231
2026-01-13,0.9234
2026-01-14,0.9271
2026-01-15,0.9278
2026-01-16,0.9267
2026-01-19,0.9240
2026-01-20,0.9249
2026-01-21,0.9201
2026-01-22,0.9106
2026-01-23,0.9090
2026-01-26,0.9163
2026-01-27,0.9192
2026-01-28,0.9157
2026-01-29,0.9125
2026-01-30,0.9094
2026-02-02,0.9136
2026-02-03,0.9177
2026-02-04,0.9201
2026-02-05,0.9152
2026-02-06,0.9135
2026-02-09,0.9177
2026-02-10,0.9194
2026-02-11,0.9170
2026-02-12,0.9141
2026-02-13,0.9124
2026-02-16,0.9144
2026-02-17,0.9146
2026-02-18,0.9178
2026-02-19,0.9171
2026-02-20,0.9166
2026-02-23,0.9213
2026-02-24,0.9213
2026-02-25,0.9180
2026-02-26,0.9233
2026-02-27,0.9269
2026-03-02,0.9255
2026-03-03,0.9202
2026-03-04,0.9263
2026-03-05,0.9275
2026-03-06,0.9256
2026-03-09,0.9278
2026-03-10,0.9228
2026-03-11,0.9229
2026-03-12,0.9195
2026-03-13,0.9160
2026-03-16,0.9150
2026-03-17,0.9195
2026-03-18,0.9169
2026-03-19,0.9136
2026-03-20,0.9148
2026-03-23,0.9142
2026-03-24,0.9117
2026-03-25,0.9091
2026-03-26,0.9134
2026-03-27,0.9103
2026-03-30,0.9086
2026-03-31,0.9048
2026-04-01,0.9032
2026-04-02,0.9030
2026-04-03,0.8967
2026-04-06,0.8962
2026-04-07,0.8952
2026-04-08,0.8939
2026-04-09,0.8957
2026-04-10,0.8892
2026-04-13,0.8945
2026-04-14,0.8932
2026-04-15,0.8968
2026-04-16,0.8977
2026-04-17,0.8966
2026-04-20,0.8972
2026-04-21,0.8966
2026-04-22,0.8933
2026-04-23,0.8885
2026-04-24,0.8886
2026-04-27,0.8888
2026-04-28,0.8924
2026-04-29,0.8950
2026-04-30,0.8917
2026-05-01,0.8954
2026-05-04,0.8936
2026-05-05,0.8973
2026-05-06,0.8957
2026-05-07,0.8926
2026-05-08,0.8941
2026-05-11,0.8937
2026-05-12,0.8956
2026-05-13,0.8949
2026-05-14,0.8942
2026-05-15,0.8934
2026-05-18,0.8914
2026-05-19,0.8951
2026-05-20,0.8999
2026-05-21,0.8990
2026-05-22,0.9050
2026-05-25,0.9065
2026-05-26,0.9041
2026-05-27,0.9046
2026-05-28,0.9073
2026-05-29,0.9086
2026-06-01,0.9080
2026-06-02,0.9047
2026-06-03,0.9029
2026-06-04,0.9031
2026-06-05,0.9036
2026-06-08,0.9058
2026-06-09,0.9050
2026-06-10,0.9074
2026-06-11,0.9094
2026-06-12,0.9077
2026-06-15,0.9083
2026-06-16,0.9101
2026-06-17,0.9089
2026-06-18,0.9056
2026-06-19,0.9074
2026-06-22,0.9082
2026-06-23,0.9120
2026-06-24,0.9118
2026-06-25,0.9084
2026-06-26,0.9083
2026-06-29,0.9053
2026-06-30,0.9067
2026-07-01,0.9043
2026-07-02,0.9013
2026-07-03,0.9089
2026-07-06,0.9063
2026-07-07,0.9090
2026-07-08,0.9050
2026-07-09,0.9052
2026-07-10,0.9065
2026-07-13,0.9052
2026-07-14,0.9072
2026-07-15,0.9068
2026-07-16,0.9034
2026-07-17,0.9019
2026-07-20,0.9016
2026-07-21,0.9008
2026-07-22,0.9024
2026-07-23,0.8994
2026-07-24,0.8965
2026-07-27,0.8959
2026-07-28,0.8951
2026-07-29,0.8956
2026-07-30,0.8999
2026-07-31,0.8979
