ISRC,Title,Release,Member,Share (%)
DEX252400101,Glass Coast,ep,Mara Keller,34
DEX252400101,Glass Coast,ep,Jonas Brandt,33
DEX252400101,Glass Coast,ep,Teo Vasić,33
DEX252400102,Northern Wire,ep,Mara Keller,34
DEX252400102,Northern Wire,ep,Jonas Brandt,33
DEX252400102,Northern Wire,ep,Teo Vasić,33
DEX252400103,Low Orbit,ep,Mara Keller,34
DEX252400103,Low Orbit,ep,Jonas Brandt,33
DEX252400103,Low Orbit,ep,Teo Vasić,33
DEX252400104,Pale Hours,ep,Mara Keller,34
DEX252400104,Pale Hours,ep,Jonas Brandt,33
DEX252400104,Pale Hours,ep,Teo Vasić,33
DEX252500201,Linden,album,Mara Keller,30
DEX252500201,Linden,album,Jonas Brandt,30
DEX252500201,Linden,album,Teo Vasić,30
DEX252500201,Linden,album,Lena Ortiz (producer),10
DEX252500202,Paper Lanterns,album,Mara Keller,30
DEX252500202,Paper Lanterns,album,Jonas Brandt,30
DEX252500202,Paper Lanterns,album,Teo Vasić,30
DEX252500202,Paper Lanterns,album,Lena Ortiz (producer),10
DEX252500203,Salt and Iron,album,Mara Keller,30
DEX252500203,Salt and Iron,album,Jonas Brandt,30
DEX252500203,Salt and Iron,album,Teo Vasić,30
DEX252500203,Salt and Iron,album,Lena Ortiz (producer),10
DEX252500204,The Quiet Year,album,Mara Keller,30
DEX252500204,The Quiet Year,album,Jonas Brandt,30
DEX252500204,The Quiet Year,album,Teo Vasić,30
DEX252500204,The Quiet Year,album,Lena Ortiz (producer),10
DEX252500205,Second Light,album,Mara Keller,30
DEX252500205,Second Light,album,Jonas Brandt,30
DEX252500205,Second Light,album,Teo Vasić,30
DEX252500205,Second Light,album,Lena Ortiz (producer),10
DEX252500206,Glasshouse,album,Mara Keller,30
DEX252500206,Glasshouse,album,Jonas Brandt,30
DEX252500206,Glasshouse,album,Teo Vasić,30
DEX252500206,Glasshouse,album,Lena Ortiz (producer),10
DEX252500207,Summer Static,album,Mara Keller,30
DEX252500207,Summer Static,album,Jonas Brandt,30
DEX252500207,Summer Static,album,Teo Vasić,30
DEX252500207,Summer Static,album,Lena Ortiz (producer),10
DEX252500208,Tidewater,album,Mara Keller,30
DEX252500208,Tidewater,album,Jonas Brandt,30
DEX252500208,Tidewater,album,Teo Vasić,30
DEX252500208,Tidewater,album,Lena Ortiz (producer),10
